Tarih,PM10,PM10Debi,SO2,NO2,NOX,NO,O3,HavaSicakligi,RuzgarHizi,BagilNem,HavaBasinc
1/1/2020,26.22717049909411,10.869743028030335,10.424480154991956,33.35570886602997,87.12610158652055,34.616069227285635,25.561607442708247,15.906835250780109,1.5695844002574326,91.5793076903131,1013.9235158469527
12/31/2019,19.347735309847362,10.87274128939394,9.464290318644792,27.590221636403513,77.16744567338549,30.356114176480347,30.736919882440624,15.5772354798644,2.04298886180223,93.3304298776319,1013.9239599816618
12/30/2019,21.309217090277727,10.86213595189391,9.746531324074075,29.552746338674947,79.81331590679454,30.35118758653867,21.686346937500126,14.347333688197766,2.3452780580143573,92.2654076776313,1011.4712897089253
12/29/2019,17.983113499999963,10.854746490530394,8.842539421296301,27.73256927841856,78.42200624578199,31.903103176373897,26.404492390625002,11.808056695773546,1.3746333205472892,93.6626663026316,1011.7085544437829
12/28/2019,25.107150052083274,10.851254085984879,8.968796263888889,33.4079323745445,86.33181669567468,34.20064606987198,24.770681218750124,15.54851345075756,1.5630058830234104,88.0981895833329,1008.6500966666699
12/27/2019,23.99727002662033,10.849165481818241,8.85513215317461,36.023690280048875,93.85217137867447,37.145072793785076,26.222958473958375,15.97584939393969,1.5372488338636303,85.3158002083337,1008.8083397727299
12/26/2019,19.165278598800473,10.847919083481546,8.8443408203042,28.059882454401688,78.8705501388687,31.380379998931087,25.87035079687525,16.42294886466937,1.7749317712809936,87.98605167803021,1002.0230383195599
12/25/2019,23.242115270833278,10.851987992045334,9.250252253703676,32.322799890695464,85.38891258391303,32.72487422164947,18.41017970312504,18.0167138939393,1.795837637500003,87.400750666667,998.148614431818
12/24/2019,25.02889702072366,10.846904764015212,10.291767466242112,41.37158218727762,108.64664465339949,41.5396101773085,20.183261422348316,21.627347072014274,1.53281993419099,87.64907439130471,990.1370155039527
12/23/2019,24.727290538194556,10.844310947348424,10.197044567592588,30.707674268482567,76.2333625864676,28.637641512635778,54.5756194895835,21.48942272727282,2.6991762390151575,55.2401857083333,989.3281172727263
12/22/2019,46.05880871527784,10.843127411363636,11.157972593055588,34.77864474744025,99.82255829071313,38.658655975439814,47.69411930208311,30.938670454545544,1.9946436356060573,55.127312124999904,1000.8322887121209
12/21/2019,74.90278500846783,10.851138287155647,15.261649845652212,54.61014257456392,188.12584325928762,70.84394423605036,18.613625064785097,54.02641485963666,1.4088919972661391,69.8284951068841,1009.5798819548883
12/20/2019,79.93288427728258,10.833490050541151,22.831403444444486,60.34556986798131,196.67771254821676,86.70184138548937,13.822542932291686,55.114009965909375,1.0998573337121185,78.5582504527776,1017.684565810609
12/19/2019,70.89298347222218,10.820393960606028,20.248196587963143,55.92997455582916,189.33690160811176,73.96963548717956,16.029336942708337,50.25385818939394,1.1717919161363546,74.2105105416666,1023.330285189391
12/18/2019,69.05045769097276,10.82731399614322,19.82279653240729,53.81767844833677,180.378540419314,79.89797749798619,19.086788828125,51.36604228787885,1.4716802143939338,71.6411696666666,1021.4593362878819
12/17/2019,69.49718895833276,10.840024141666788,24.4668274671297,59.11116027767949,199.93632803619488,84.7921889111692,17.401326784564414,48.90258718412354,1.2331415939229282,70.7678634420291,1019.4740646031028
12/16/2019,52.592063684329666,10.85080217417658,11.485149339693978,51.60342741254856,166.31124408341023,75.55991880523514,16.924452717761927,38.12234835540185,1.0885336755958799,80.69161383152179,1019.6344275246973
12/15/2019,31.896952115640087,10.846100907476913,9.268369768055623,40.99643962954698,122.88702954194622,52.47843627271509,21.71280600520838,30.450818578227633,1.2182554007575794,80.6950432916669,1007.8405129545455
12/14/2019,35.7509738368055,10.808889786742453,14.471544843518513,47.14137106056713,130.78920084991574,53.527662178650985,22.08473795833329,29.864296227272362,1.3718974055096382,72.54015562499998,994.1081748863727
12/13/2019,69.34433442389108,10.80860710538663,16.774145644781225,53.34791718731923,172.43551180426982,80.34923077849436,10.372348787364075,35.81828402262927,1.0397689669421517,88.48631273863649,994.4744275895272
12/12/2019,72.18767820667325,10.82877068650144,18.521940634259302,54.78515532660654,194.38790943455447,91.74298370496936,10.057832369791637,45.933686691863976,0.9489557164944901,87.2401486666666,997.9171006439327
12/11/2019,50.45767283680541,10.847729730188316,14.554202262808676,45.0151075901241,114.36541114297634,42.60804870222833,15.495509925895487,28.380784810606357,1.1733486421113268,79.5843832083333,1003.5260505681855
12/10/2019,44.7743764370255,10.829957760194242,13.025688539814787,43.51385841341023,116.6089914023137,49.677012556535594,27.96835140625,28.67277867803034,1.2857292611989546,68.479296,1005.0214452865519
12/9/2019,53.615717965972486,10.829403842315987,13.079946547516766,45.132454218803,126.7159209190139,55.41113972961592,19.82570908786228,33.866717254102284,1.1091837418148829,83.62489351811561,1008.8672558394727
12/8/2019,44.17270243737067,10.84292475115627,13.501242359259333,40.70392058049495,115.24742695944701,49.48465528864408,20.03110221354166,30.834589571640002,1.364150659301713,79.00696845833338,1009.6550934667354
12/7/2019,54.84002436458342,10.850042303030213,16.209975960165,45.597337771687826,140.1855290617331,62.99198146611745,19.12195523437508,35.784354569933036,1.2157096876613973,74.7175885,1012.1963500757639
12/6/2019,40.21447282291667,10.846892809469697,21.548026778254666,41.22667150644408,111.58584616432793,48.063378298245695,21.464716726151252,31.850389552233143,1.1701266823032974,76.9960830416666,1020.3501131339636
12/5/2019,18.736056633284534,10.834942535646,7.535736881388203,24.835267136268076,65.86893697335731,29.26056543415426,42.13665633854163,21.04094795328323,1.92831746401514,84.94818315277811,1023.1418032323091
12/4/2019,16.740996671153617,10.82568232121815,6.968819174631879,20.752395294505106,42.077810766604244,21.708853484665784,47.01371271557976,17.650952910298802,2.484505230292044,91.8396977276573,1017.8537427431936
12/3/2019,38.58563748596016,10.807459172447334,13.255463070767156,32.13123475516049,82.36119041810645,39.87053016239365,23.946117314537876,32.66742066287883,1.525985941913708,81.16109910745631,1013.6103360725817
12/2/2019,30.358442322916662,10.807423798863514,9.166735311709168,30.02104184918238,69.01813513912043,32.77163494269412,33.649586455163,26.882867140151202,1.3497004815909026,78.70213914912291,1018.3518402771181
12/1/2019,20.82780633333325,10.811548178030243,6.545628363977034,17.615869910069634,42.28437191810572,22.627648685470565,43.0832333718295,20.6122497803027,2.254173179166661,90.14597981578899,1013.5695356937937
11/30/2019,35.62340371875008,10.80587757121212,8.789952453703698,33.20545528180195,89.86091378192721,36.97053306235296,30.93796200452909,35.101177189394186,1.5788023399104718,77.47975406578941,1006.1437317165181
11/29/2019,25.806987961151307,10.821418262052372,7.599867293391989,30.476631988498227,71.3408801014804,29.846645249132,38.36003700914024,36.58113267861446,2.3058430623158426,75.18358570256922,1002.5070265856727
11/28/2019,36.8973034768518,10.825403300757547,8.796736297618999,33.13473337670011,79.56917239101314,30.24249893255285,19.21892159782609,30.260084251976455,1.254882220348671,83.62545886594201,1007.7378875329455
11/27/2019,26.992508199389803,10.83597349431818,5.502910456488355,27.182763460956878,63.11389899049816,26.3957692549889,26.564899633152212,30.328243175230273,1.3874954333333236,94.3723687481886,1004.8822634069965
11/26/2019,35.569877222222225,10.846016699621213,7.929989484656011,39.928269871780984,77.6106481088463,26.897077239451047,28.2587928842845,29.31609587121227,1.2880393229248972,79.61555916666651,999.6145078030517
11/25/2019,58.675044199179304,10.850404816666547,14.581487910100934,45.4370333570021,105.6121542979246,46.00284895183453,19.834404718935286,37.822805018939086,1.2120406393939427,81.3907065909091,1004.3699626283228
11/24/2019,40.90170838194448,10.834005619318061,10.608065211191587,33.295936755643844,67.67720055056071,26.523390201923107,28.4567509619565,31.10232354743082,1.0985479277448364,84.4469342608696,1010.6939616847827
11/23/2019,43.681752890851556,10.833874371590817,7.9467968125000095,36.19667532195197,76.51373612971385,29.894003197463825,26.656145447463754,32.41664306060627,1.4296868473814166,79.2284661920291,1010.6732772793272
11/22/2019,39.39800941319447,10.855430690082999,6.545678154629633,24.604576761848048,57.29958701553313,23.43389021817164,35.80290261073375,28.786876259881183,1.8582321379666156,80.4241146171498,1009.4378123237872
11/21/2019,55.66647809374998,10.864506832954515,15.277119492072691,41.731835765426354,85.55754205980669,34.84038115961538,25.787674630482464,28.382627622200093,1.2538259368542342,71.9239884094202,1009.8602666040791
11/20/2019,58.66690897023773,10.858043842262031,14.853442179440467,45.290717976532974,95.13232862727206,38.508916042308,23.517466994183863,28.764437708333183,1.19506760075758,74.4067014583333,1013.6073264772699
11/19/2019,63.243550490923475,10.867029421212182,20.160463112592666,54.30514405099094,115.5324241252471,47.512972482509134,22.859787984446374,36.230707371705904,1.0552800017347417,75.4156900054347,1016.6129183250999
11/18/2019,61.969603528935124,10.88150912159094,14.320091981111112,53.78004402618603,129.85407997647886,53.631207546612316,18.05796868575975,35.92785690200927,1.047755374727829,79.73509083876819,1013.2815576054119
11/17/2019,52.76659495405597,10.849470942243082,12.592964246449347,37.04238214297206,58.48860953198566,23.097877692307744,33.049726263634504,26.034985049406817,1.3703360374311353,83.630754907609,1012.6950249357608
11/16/2019,45.083197962963055,10.830617278282846,12.12790274629629,35.55888976632971,64.637609619028,27.370226958581625,35.30442634583562,30.03695235192873,1.4754160069196791,83.40311601515148,1015.4357971625303
11/15/2019,42.57342997705305,10.883512307197122,13.111808789734344,40.599000258417,80.41936280546328,33.66660461217956,27.22956341616625,31.969536250000093,1.2894681358452902,80.9667114583333,1010.8686202651402
11/14/2019,66.51139976736114,10.883524317803001,15.341388904227045,55.12363987862334,153.04749931728722,61.23211478479605,19.184939597325577,40.44811156680408,1.3909319464513528,75.88840981818188,1003.0912877548145
11/13/2019,74.06799553124999,10.866573424116183,17.92156440501932,62.0298545679969,164.10482993267183,64.27194711826868,17.1506854231307,41.88399994180927,1.1551843770069101,67.2023094251209,1005.989147670739
11/12/2019,61.80087230208363,10.859029097727243,15.469573944142557,54.738483089823646,115.76071735156877,37.885081041471565,27.348435664175877,34.378579166667,1.1033800392985929,75.9277447500001,1010.5703798622554
11/11/2019,59.93664470486106,10.860053139772758,12.376673004166634,52.12864329895514,136.2428959757963,53.029354314743394,19.059849563632287,35.613943901515455,1.0328613664066282,76.3222712916667,1011.0076355681817
11/10/2019,54.712397767360976,10.825989412878728,14.343048653703741,46.42291819770038,104.73126598465115,34.79832836570527,30.618734545969126,34.330011060606,1.1681078886563008,69.11279095833339,1007.4124159469783
11/9/2019,54.51485726736123,10.854850879545394,15.451299161936355,49.19810679063569,110.10678997701292,37.154253755155864,30.53995806929337,34.50179568181836,1.1796996998058364,66.66588054166671,1009.7687967045546
11/8/2019,58.17437681597223,10.862109909848426,15.261435693981367,45.71071258269248,128.0936911113236,51.6638745637825,28.056959267004377,38.96635560606045,1.1893522981259927,66.36823541666669,1006.2482172176365
11/7/2019,59.01516069444447,10.869207997727273,15.132984441901446,45.154450950830274,129.079888461745,52.18541292086674,24.004433359210335,42.09351631379619,1.115019632517752,74.1269614868421,1005.4373693349037
11/6/2019,47.95824226736122,10.835032970075787,13.303738175727489,45.72068662028222,127.09467086846978,51.26218411976041,25.06772737574125,37.62461204545427,1.2097338199639447,73.9466343750002,1005.6592984848518
11/5/2019,32.048155406249954,10.82744868939397,8.679582879629587,41.44195581687316,97.10059547730476,34.64270837253342,38.610978453125,29.323055151515177,1.54030650136694,66.184230125,1005.8776823863672
11/4/2019,39.24643696217106,10.819177287170708,12.745397965833288,44.51003375629125,122.83293659171414,48.072334825050966,30.466792703125037,34.273212563795816,1.2940555765506927,65.51431540570181,1007.0735477073399
11/3/2019,30.30761146874998,10.821240115151607,13.902012214633588,35.619237047379904,79.99750898174423,32.49211015540699,29.291048621562123,26.852761781949905,1.003963614012809,75.7385004347826,1010.0720476419326
11/2/2019,19.35884752083339,10.861378897564908,5.5379971951511004,27.29631258981788,49.22928295889114,18.20170184130443,38.43834336920212,19.340349815989274,1.333365280043855,77.4888569539473,1014.325673195779
11/1/2019,14.816057684027832,10.880487425059787,4.02605481203703,20.210529996810234,33.73144132461356,12.192618947739593,43.4084656875,18.154169549242635,2.244176328409104,93.55407191666617,1010.9581185227246
10/31/2019,33.50296369791673,10.858778578409,5.670800037962923,32.702625649528564,55.222331729255856,19.07800093458117,31.508303589015124,22.829069975895184,1.2407520749311365,89.24223251515181,1010.9523384469666
10/30/2019,35.61358168749997,10.858144406455892,9.090714887500035,32.29155363178649,61.124995583134464,24.21929509743584,34.73011652793575,27.57281090909082,1.0687310330578483,87.0131838750001,1011.8156818066473
10/29/2019,29.47052084631639,10.858183876893907,6.2952565157407445,25.22900145093623,43.45840142904713,16.82237634320034,38.45587592164863,24.94785817148737,1.1854918030302972,87.13172545833329,1008.4602832196946
10/28/2019,31.707010274305663,10.86078267689394,7.091114139814745,29.86510480620149,54.63209407519155,21.555561615810316,35.60017880208337,25.259953143939637,1.2826117389752747,85.8153442083337,1007.5228684354381
10/27/2019,23.770542136473477,10.880375975263354,3.874797503703714,18.193179785270342,30.273439873825353,15.57750948526407,47.386096891571995,20.60970179512527,1.4125414784584962,79.75510591666661,1012.8145702250164
10/26/2019,29.46355392455814,10.858249071753306,2.9583426615740844,22.063230780629922,39.452073885451604,19.238298425266475,51.706081895154,23.561350838744637,1.6217610333874466,82.64088317857087,1014.6209660055061
10/25/2019,35.43474548764822,10.856078833669805,5.067316675462923,28.79888048461546,45.378390322371054,17.544430950641047,48.04589291417575,23.982325227272725,1.5511694041666637,82.1527142916663,1011.4205855303062
10/24/2019,30.364575122735555,10.843771232575728,4.621553397202111,26.37222617671411,36.170067322603195,14.04143453782055,53.98882081770837,23.234879166666637,1.6521713657114596,79.46581579166661,1012.3928533333391
10/23/2019,24.903453186443134,10.845476821969728,3.8841222499999635,17.726401812412384,22.990878708409312,10.59473164459707,67.57856369791675,20.64254148715418,1.893441590892615,79.9486945416669,1014.8085538175244
10/22/2019,24.766243225694307,10.84982973181812,3.5413067569444965,20.677220659559616,27.563407944119263,11.504429224313187,58.13633134895838,21.761324242424088,1.7156998556818157,84.94067524999971,1015.0782696212092
10/21/2019,38.83737718181815,10.842671018870455,5.581449310185156,24.39329669814259,39.076329924968384,16.53744988740846,51.04738592436575,26.038052110389547,1.6086018497294363,85.4420727261907,1015.5482062130701
10/20/2019,44.49959573611114,10.842033029924243,8.733197098148112,25.763501991917526,33.87315319816075,12.405838372644924,53.454712249547,21.882981401515178,1.2858612708333306,86.337926875,1014.5080557575635
10/19/2019,49.03991252777772,10.845169726515092,11.794649238425924,31.085921764911177,44.678949455305364,16.195897237179505,44.788009348958504,23.55501079545455,1.279492888899862,86.255426083333,1012.0948154545338
10/18/2019,52.87805219821856,10.864666205286502,10.6597165055556,36.07688647664,52.62033802793672,17.966210699915653,37.30232887966,25.037405406698635,1.0041229082627516,87.3401328333331,1011.2853282575663
10/17/2019,46.98853928879831,10.85221740909088,7.321532888888855,35.797877330110694,43.25445600917214,15.149406379502365,44.968215041666625,25.656619022038544,1.1314426901515118,85.80970687500042,1010.4456335029555
10/16/2019,52.47624278819456,10.838588649621244,7.9106413884258995,35.76409908702595,42.088614637123904,14.552336512500062,46.910665171875124,25.566091174242363,1.1789887713768143,85.65425816666661,1009.9735764822045
10/15/2019,43.89372747569447,10.822335559848545,9.992427874536967,33.8090339531909,42.93666661435021,13.684550591171302,48.5413050677085,22.76932655303027,1.2055468192028902,86.531309708333,1012.0620757196974
10/14/2019,36.863876344655885,10.83497643219694,9.971209372222221,34.52345090420426,52.2454234839596,18.92339288945617,42.28479125687588,26.565140113636275,1.3104935498353099,87.3169343749997,1014.9312396590936
10/13/2019,30.1857665335145,10.844768411363605,10.597439284259256,24.524499684796538,39.0440883864442,16.746218366313233,46.1605822211175,23.461647534435368,1.4139306614669538,85.1798871704547,1016.6446716769934
10/12/2019,20.589027673611223,10.878776161742428,4.2322045925925895,18.404075257566795,26.187222914895944,12.712902090840734,61.368268460227256,20.90806962121218,2.054469546969697,80.6951137500004,1018.6498911478883
10/11/2019,34.93366098973414,10.868268175757636,7.973705128581934,30.169526678584973,61.323594767558674,29.547705109707458,40.046043486269,33.03836174894864,1.4533491244617283,85.7892002099285,1014.3351660509999
10/10/2019,27.862340190395802,10.866297746360273,11.454618301851777,26.83490680527938,60.13853501005011,27.79887852243597,41.84033766335225,29.78396871753281,1.7284065078463227,83.7606547321426,1011.7678905357147
10/9/2019,16.61100577430558,10.868845668560697,9.333957038426043,21.383804031061793,36.13384085646602,16.51932268116408,39.541585427891874,22.716918371212092,1.5686220344697004,83.9442434999999,1016.5219922348516
10/8/2019,13.96061876826703,10.875856744318092,3.7580994995370776,18.26219381279514,29.5479005710702,14.131497533257342,43.698590204613,20.207490833333363,1.948368769696969,93.83109270833299,1010.2152226893782
10/7/2019,18.612862860164114,10.872630806653484,5.8298786805556215,18.76648219726866,34.31150167795451,17.008869655811164,45.003492923363,24.177106401515275,1.7555340280303027,78.1011882083329,1004.6792831439308
10/6/2019,13.325101742690082,10.865868200938827,4.713798924933901,15.621395265222422,26.7299541994001,13.625478302243662,47.14676576657175,19.931083522727274,1.7117159318526072,83.89855041666681,1002.5259626515119
10/5/2019,20.189556895320163,10.860048300378788,6.655152747340189,18.312547936355262,30.25519887606036,14.381210110160739,43.42199180210099,21.830483563900092,1.9796925933959209,86.0031041304348,999.3771856291273
10/4/2019,47.92035486956513,10.85217850347797,18.764061580224855,41.09385280506456,70.49245994969327,26.310794955582175,49.24355215929362,36.078319604978454,1.4444721276515182,65.8586024107143,1001.3520679545426
10/3/2019,43.43637535835064,10.85753620859213,14.231722226389,41.51390053359679,70.57659856878948,26.082395476910374,49.21959832596037,33.962404817792454,1.1904181276679844,72.7839867137682,1000.7845325296363
10/2/2019,37.78513843402781,10.860626205337436,10.356458880092578,28.255449253957725,43.08465978232994,16.411755541666675,57.04549065081512,28.22517738636355,1.4498439943181816,79.9222899166669,1002.4860578787792
10/1/2019,38.80726998011372,10.850938070505395,13.499250784601479,33.122312813143054,55.04118026708046,21.28721559885529,55.559289695549126,32.143840995179,1.4409362365837146,71.57603461363631,1004.2756607403609
9/30/2019,30.671426485735335,10.845470924316125,12.912741412325566,35.86690663261457,59.370569842721174,22.714966444143368,47.06338489583338,34.889989342286725,1.574584239393939,72.1075302500003,1004.3274399242454
9/29/2019,24.21130356702903,10.846411549308181,9.77411366960551,24.711121529332708,38.24202448118723,15.606904721056354,46.67558811956525,25.58005616391182,1.6372315174931131,77.44991900378821,1008.6467448451872
9/28/2019,23.641748429045805,10.846190868198214,7.757234295249663,20.373296510288736,40.118274648029825,19.26970563544192,45.3325696998105,27.73289219696927,1.8374730231045597,79.7115872499997,1011.77532293043
9/27/2019,31.538863448809476,10.840824321266183,7.171817077194078,27.617748777592023,49.090036522156915,15.136228000686845,50.51897430893637,28.74355435606027,1.6397463425757544,81.7815273333337,1006.382933143948
9/26/2019,30.164407826112477,10.855422470389408,7.523470757626711,28.611082399104024,50.792240477217916,15.547421331349188,47.776135194519874,27.730134173553633,1.3483102946179235,82.11645977777769,1004.3536478708127
9/25/2019,32.11231057638881,10.853706601731544,6.338913092394145,27.38309812110808,43.0272077183068,11.235396506788552,51.438556384510875,27.574432186146996,1.2970121919618218,84.55828838257581,1001.6262370626727
9/24/2019,34.86439849999998,10.849588947348485,14.6685111611112,34.24653334350623,53.98484372812155,15.244281771199637,50.595474281250006,29.47524984848491,1.2861959743130027,74.47885095833381,1003.4283871969691
9/23/2019,24.811127642210163,10.84878997878788,8.36058564074081,31.207434933194,58.16784999613314,14.978504801662323,49.708583242527126,28.346124017951638,1.1324904361067172,76.9090680960148,1008.5037274796409
9/22/2019,16.72372602083345,10.852882846212122,6.348491961574078,19.441362806396306,37.99263567423163,9.333340831762689,53.758335369791624,20.656879890151455,1.6078080696969688,71.2438020416669,1014.6809160124029
9/21/2019,14.161854387832223,10.857690812121271,4.288439544276141,18.306472106787865,34.23130519261705,7.7253702113511915,58.615539986742505,19.55391163372864,1.8428253725760693,78.1191750158101,1016.0843895372363
9/20/2019,18.045452062948833,10.849630324291697,4.173335668256877,20.308149094842715,37.97895815951623,8.887499393576181,54.280686763393,23.589836554407725,1.8194161801308477,90.5144671249997,1008.3222625909116
9/19/2019,38.360715299201225,10.845904049489393,6.507978839311633,25.72670503397863,45.58612997445492,11.63761904617081,67.50036340365612,29.053014973649365,2.341347160938436,73.04420975543479,1007.9331173221418
9/18/2019,45.86461390972223,10.85806064621215,15.198198279020467,50.3685806817167,84.13393144274525,19.83099571382793,66.63981809624049,36.39607810606019,1.3905784787190045,60.7788745416663,1005.5072982954608
9/17/2019,32.541786645833476,10.87034583219697,9.684143592129667,37.05314537235231,54.76542363656594,14.973119324879312,58.8528370914855,31.346016969696816,1.2887111683195551,75.349493791667,1006.960231515161
9/16/2019,24.84839035688408,10.869925999827824,5.437542877596645,25.099788734531636,34.97022993102001,9.483742358839717,55.92937071852363,25.66065409090909,1.291368384159791,80.358823375,1010.7783438257636
9/15/2019,27.65124505102664,10.852232653030303,3.4961333097423775,22.91375206132945,29.185236778408157,7.117563399558752,64.030420374547,23.39838572134391,1.873465247796152,82.17036454166619,1014.7615730171274
9/14/2019,27.12554252324875,10.854270017045485,3.7539343956723448,24.941600108890817,32.82691802729323,8.286019631582176,69.54953943787062,24.92998515151527,2.1755299469397484,74.3557405833336,1012.7262633239062
9/13/2019,25.94448337167864,10.844201479385971,4.137219770833355,21.16620841517851,24.14856437424099,4.831420371890436,62.65680027219188,24.865907630853822,2.225903692011027,75.45880515909099,1011.6291832541318
9/12/2019,22.90634508907014,10.848178168181848,5.213246448611144,21.968487450696713,26.975570394927615,5.9156125566238975,58.522460176630375,26.13704231060609,1.7248913624700632,80.372113041667,1011.6043249917656
9/11/2019,22.680440650691637,10.853294655716182,6.733927505850212,16.82267544417505,22.477900109014033,4.328421352869355,72.57034631803187,25.792591828512364,2.0914892862603365,76.95732952272701,1008.5432536432364
9/10/2019,25.58229523407991,10.858639850378758,5.099495257870367,20.458621019885694,29.820456815794877,6.9628257870726795,64.49604431136775,27.887358674242364,1.7398392474173543,78.74920558333329,1005.4440528409091
9/9/2019,21.19311031379,10.857157023863605,5.576784365277811,20.07858367774527,27.679402307486995,6.106770879073736,65.24358602400375,26.844142121211913,1.5955317749206452,75.29651383333331,1006.7770971212126
9/8/2019,24.147753614766163,10.83603163247612,3.2410502180555554,15.682847780749123,20.86041299938631,3.767715625995243,74.10592333913762,24.309954294077183,1.9750265905302995,75.78795493181859,1007.7213515909182
9/7/2019,21.846713876811652,10.8201845,4.578745739814767,21.474201704696213,30.19164777585405,6.9793039963675,68.97856645695413,28.020431551383727,1.6901219571176271,74.84369210869559,1007.9884026515156
9/6/2019,19.629059246527664,10.828126048715355,2.5599356282828336,13.979674204807639,17.17689569233301,2.923137114973767,76.87995720335162,23.630011351808637,2.310614066106718,75.34455638718721,1006.6567228527473
9/5/2019,27.620095392361083,10.838137951136483,3.334621985185178,19.253657859615387,26.7979293376532,5.676536255662398,75.1267795960145,26.912216060606,2.0189782205234,78.563584541667,1004.1012773484973
9/4/2019,28.24367305902783,10.854431883884358,2.987803689814811,17.397158090976102,21.874123529061464,4.061162181623933,80.11948971240949,26.159912537878732,2.0459000402203817,75.3037157499996,1003.922475227269
9/3/2019,27.162643193603362,10.845467831168818,3.317420500462967,16.951892234043978,21.20433408846404,3.942127191559856,77.023248334692,25.834532954545363,2.0963320758264454,74.68849775000031,1004.0527597002728
9/2/2019,27.599769817783706,10.847820162424334,2.903643874496789,17.056403730685638,21.655305673375572,4.0399546530982615,72.872451726902,26.03815503787864,1.840907009159791,78.0677225416669,1004.2240741288035
9/1/2019,27.539867599939445,10.842987600378757,3.700923249074089,16.779621771348925,21.812828571526307,4.13788527049337,64.50972771218301,25.06383342885382,1.5779746712645275,78.2577516105068,1003.2466992852445
8/31/2019,22.82059313888875,10.824172189015183,3.4332245055555553,15.447167137095953,20.15197554274477,3.9182541239316455,63.07810035711038,24.280373295454456,1.7038815121900819,75.94470041666662,1006.7527333333273
8/30/2019,26.35561587152783,10.821759050378816,2.8370198208333397,17.112595246460458,22.70091585280611,4.703544257264972,68.56998783876799,26.104315454545453,1.7087446917355336,78.7175840000003,1008.7876026449128
8/29/2019,25.2507857225241,10.82797453068176,3.2738869407407556,16.02319999766778,20.49628031330623,3.9817519220085438,79.06157524909412,25.757881080368914,1.9601403651709726,77.7170916739129,1008.5824664064517
8/28/2019,23.872587814089197,10.831113848094613,3.033254067382118,11.694594958025469,15.056624399944306,2.64106781249073,78.71656602777789,25.52803511363636,2.403796628099173,77.57657974999988,1009.3322829166763
8/27/2019,26.186214078653393,10.832338877399023,2.885260237415826,12.894767106800408,16.182086252508277,2.7632361732208897,74.89782896127713,26.269113446969637,2.123574965869213,79.34113287499949,1008.8589439394
8/26/2019,30.553519586309562,10.852176471717325,2.8544997142676696,13.953993436134406,18.055279471850586,3.357850177805619,71.80750992595101,27.122314318181637,1.9498762443181754,80.9868726666671,1008.1093927272854
8/25/2019,32.29751773263897,10.847431444444474,2.9176549176493256,13.860737912435384,18.30078978107585,3.335121232264932,66.69699209239124,26.438666969696907,1.565221671212121,81.11697583333361,1008.141302840909
8/24/2019,38.165853328914146,10.83727243897905,3.133594547138059,18.688249659573536,26.117978725334464,5.695945656944431,64.3617333461175,27.835621250000088,1.4586517630270057,83.69019158712118,1009.6214140564799
8/23/2019,38.09140807670469,10.841288414141443,3.66989584317267,20.405016164367282,28.257888111064617,6.068729837239889,57.24814579393125,27.546030113636366,1.6180588309808634,84.9808534999996,1009.4799082196964
8/22/2019,34.52558229033735,10.852002072976727,3.9048321408808584,24.920982358751363,34.40153813754177,7.157313021275952,63.378146545872006,28.87627341850163,1.9849392909090868,86.41819812422389,1008.1431423630681
8/21/2019,23.754373908984018,10.819454975383245,2.8717333762443147,31.571281065417185,46.54484229970648,10.619158711149934,42.02299098856512,29.10962171503345,1.3306104574059519,91.09020398445881,1008.8968411088063
8/20/2019,19.051983040784517,10.83411723223128,3.065639308122903,18.955004155389144,24.5028951840478,5.709137345447359,60.94317366746963,25.840580684620083,1.507264469560521,79.24632398757728,1010.333420167978
8/19/2019,18.220889894941294,10.811799758884266,3.1845990921296368,18.840920216081404,28.531955403112683,8.556304007905949,57.498528485863,27.461838174242363,1.795512584228648,77.9205575000001,1009.1976974621219
8/18/2019,17.120236260101077,10.796694209848456,4.5259008606481475,22.07778424616766,26.089475270484975,4.760383800213697,57.436354036458255,23.197344053030275,1.3710336163567463,85.5170527916663,1007.3715880303055
8/17/2019,16.997851998537975,10.814060904665123,2.9584301066425116,20.28238148095024,24.881801434375426,5.099660962363997,53.36941171543563,24.150932121212183,1.6219392128787873,88.94495570833331,1004.8433619696999
8/16/2019,19.929379069444476,10.811898025000062,2.7329043914021174,17.60769070292131,20.240180132259102,3.855854652401497,54.41102514039862,25.468055645586183,1.4703229560331528,88.4977362445655,1003.0817585194327
8/15/2019,26.42714229861122,10.808247527651485,3.6792532268518587,21.722673397798182,27.795951684782537,5.843542999572646,48.06287100520838,28.352108598484815,1.3528696541666698,85.0868987083333,999.1977804924398
8/14/2019,25.987223874999973,10.834421645454515,4.454963127525259,15.990336073324045,19.312629905041693,3.183507385286925,85.43938916666688,26.51968731060609,1.3831395737554146,76.47897195833359,999.5861776894027
8/13/2019,21.25533319444439,10.847720620833273,4.316083542129681,11.853388421404677,14.520827702041736,2.557156262964523,84.49636260416662,24.53326723484846,1.7381802756597002,73.41494779166649,1002.3936203787882
8/12/2019,20.872364430555475,10.85152363560603,3.6494057365741037,11.79524798345481,14.346483864164677,2.372579222358907,86.18172515625012,24.852642840909184,2.2458497140151428,71.3852457916669,1006.1211047348545
8/11/2019,18.370172468750056,10.859743098863635,3.005089009259259,11.164406197394099,14.970525856715284,3.101510431373123,77.8725828125,25.288159772727273,2.279754598484836,75.2213564999996,1007.7625545075789
8/10/2019,21.384950835899726,10.848409727651484,3.0622473074074175,14.158153897262745,18.92478459793207,4.01997805484651,76.24969771875001,26.179319772727276,1.9152445409090753,75.2670881250004,1006.1216840991426
8/9/2019,22.105606109577973,10.840898651849182,3.8102474309460472,16.150631869802236,21.404768460423607,4.407271945837946,71.13583216983726,27.356333272727273,1.840752064772721,74.72232811666689,1003.9843785191072
8/8/2019,22.239074104166722,10.83379800151512,4.781627292652936,21.036403636454867,27.291759284699022,5.8987743223289995,68.99150828125,28.807657121212177,1.5498626977272791,72.0274647916664,1005.8264001515118
8/7/2019,20.196026552083392,10.840791281439333,3.8727196254629472,17.257807957091124,22.512093166264386,4.8530639002336,69.14245438541676,26.08856153679673,2.066993417803027,66.2602620000004,1008.3368208712119
8/6/2019,20.531099067783973,10.856518571591002,3.1283686314814805,16.839721261635983,22.209882169549005,5.087637188535833,69.300841875,25.965993257575725,1.962854337878788,67.4022821249999,1007.2207945783954
8/5/2019,18.834433895037282,10.862408036363577,2.6691680944444585,16.40377100140881,21.696594102887527,5.006173941093603,64.14151035714275,26.131579999999907,1.8099240522727207,69.90784749999999,1005.6037832196909
8/4/2019,23.35544876001464,10.870859300728078,3.6699864305555585,18.64318917011571,23.309388433376892,5.100998336459115,73.37292601685425,26.454029512987002,1.9607508041666726,72.4244176428569,999.9021297781455
8/3/2019,20.634957851970807,10.870689160984758,7.093872002777706,28.742353944147098,34.204416104096865,6.5602461041434585,68.43195434692026,29.655755477602096,1.325076738153558,72.20594407789889,998.4525298089608
8/2/2019,28.025824881313138,10.873610892473728,3.1011574305555585,21.90846711171952,24.765143337142256,4.888521442173007,66.38296083627725,27.695307014462728,1.4878223933638317,78.22845224621238,1002.9016128615754
8/1/2019,26.92351610220422,10.87527386780297,3.6420808664653808,16.40545155552735,22.52551215407002,4.9778556864315675,72.70720941714025,28.33884040019764,1.6989505874341182,73.38626273369559,1001.4884493758273
7/31/2019,23.161050688657394,10.877338809307304,3.801331559722248,16.46989864548495,19.47779813258307,4.257424893650108,65.236373156703,28.02389861660072,1.5373520895785688,74.511443835145,1000.2705131077182
7/30/2019,27.75966148399756,10.874277948188453,3.8106659833333216,19.403422895719913,23.423278494536248,4.638530270195719,66.38280062452662,27.73222918995873,1.312734909206191,78.7236917210148,997.0990385754371
7/29/2019,29.51388737167864,10.86487060067514,6.595872667129702,21.26070730405521,26.186810137326486,5.214885642967289,72.50130802083338,29.38488555303036,1.44429229177488,76.3348818333337,995.7694206439518
7/28/2019,24.30089515096614,10.853478715909182,4.584785347685184,15.76403230185343,19.67736162124946,3.3762485216323204,73.63401306770838,26.011741856060727,1.483434119949488,76.38878695833299,998.4152996591
7/27/2019,23.654084152777887,10.857880076136274,4.6422313916666855,19.18939737760592,26.18246402690721,5.241801460916023,64.99818466666676,27.406304204545542,1.920963442424239,75.274745791667,999.286503636369
7/26/2019,23.95422538613806,10.865474367045424,4.814777401388897,21.052051080601895,27.540520073024727,5.867643495754423,62.736006786005376,27.339740795454453,1.7950742609848573,73.93799554166709,1004.9035473863726
7/25/2019,21.734143930555728,10.85901576011909,4.867580458796303,25.18712800564385,37.92194101845363,7.698053622677408,59.860132970238126,26.801093522727275,1.3837871393939336,76.96806062499999,1008.3336413636328
7/24/2019,20.26081865866553,10.852014353030212,3.012492550925937,21.921323525125498,32.67087985741223,5.57158021274157,66.86058823958325,25.532536824769544,1.4041818255854,83.34842275,1004.2772658712119
7/23/2019,29.71667179188914,10.85137370035891,3.629301862201692,19.19779630082227,31.225936721502883,4.949873023251858,74.1387743412825,26.36115014469227,1.5528931632646426,77.39318824715359,1005.9645529488972
7/22/2019,27.08589496074889,10.873112411742456,3.721185505015711,19.84408704232179,31.734324387314384,5.0879183287951,73.15675024682963,26.438347152503184,1.7627289713438792,74.68578614855049,1009.3278894845181
7/21/2019,27.81314981808573,10.877153330681937,2.738410925359447,17.964520759398845,27.909614002222888,3.651079631021667,78.97259689285711,24.89204077134982,1.9015141318864155,74.18925460119019,1010.5981509956636
7/20/2019,26.431614203804312,10.872674513257577,3.1163528605072397,19.116776775647693,31.46402909501068,5.298129503082403,75.90295550520838,26.23249034090909,2.00413080023057,77.8313941666669,1008.7418641287754
7/19/2019,22.496558876358723,10.86710046780315,3.3887302176621272,18.377409705173992,35.80951531891188,8.490371975810458,67.32370579450762,26.98417442028982,2.02683762096507,75.80350993297101,1007.1480011281365
7/18/2019,21.466685504677724,10.863173127164425,3.0385068151368637,23.432417759560884,46.069768981439864,11.890465561311316,57.7919966371635,28.389024899885644,1.3363008957076494,83.35985808056792,1001.8404401426792
7/17/2019,18.844745871527888,10.865800409090939,3.6670550577294634,25.302360016366386,44.964810791868665,9.524712462218336,58.760770776041745,25.725840198274636,1.5300154283492922,88.4903037236846,998.7935158771936
7/16/2019,19.65373284039344,10.867328369657184,4.024564729025808,17.3095416163103,38.47815176282058,8.561439304368319,59.70982828603,26.86378064593291,1.6650243523506645,77.7751382236842,1000.8865027332645
7/15/2019,18.90246930987864,10.85347161043394,4.212378630372567,21.98964261280923,38.008990122579625,6.364448396313023,61.696996584753876,24.028220504299455,1.9057952260765598,86.4449080968729,999.3241397853027
7/14/2019,22.79544960212183,10.849147734056483,3.891388596239611,23.852785453400188,39.66970001792516,5.6001379633382,55.077701944746366,24.453671128475637,1.0339556959358664,78.7597627653508,998.0750022029482
7/13/2019,21.78705259375,10.843861725378758,5.5350626477431,20.22419208802956,40.07283681293643,7.6765764521507,65.44450425656726,26.290239130781547,1.3930046934513909,70.4501695986845,1003.5018961802118
7/12/2019,20.605019331055164,10.851486166907788,5.065878321806211,23.882248521074043,45.35605465336409,9.694556855140512,50.745614988903995,26.840904055023817,1.1530136350592393,79.9572695570174,1003.2947813696119
7/11/2019,16.81820563888894,10.850171653030303,2.714009546071221,20.805424973104873,38.00006663790883,6.97072833875042,60.03926813813399,25.912336971690547,1.2892846014553436,90.08177143201752,998.7577084908328
7/10/2019,26.03350971148983,10.832407159008698,3.7677708370772995,19.582008200125514,31.720855567498486,5.065616880662413,74.3156562749095,28.311931276350546,1.4388855153491482,78.4874957536234,1000.3948797760219
7/9/2019,27.65429493371208,10.825202168813151,6.476882871155315,24.68113156157237,43.32543414793003,13.135354395212477,91.11361031702901,29.009636515151637,1.5241094511363764,68.5941757916671,1004.02480886364
7/8/2019,32.053993263888835,10.83874041401515,10.61812171590161,30.244723560162583,45.44930092865048,10.611654531084742,81.36415509737311,31.444059962120722,1.5627390924242428,64.3436465,1000.5132664015117
7/7/2019,27.74926909767525,10.859158770514883,7.239537579604012,17.444382389395876,24.36926431061879,4.446503926256191,81.0547098007245,26.771979893892365,1.74652824833663,66.52313951449311,1002.45422110837
7/6/2019,34.8489670243055,10.870229697853517,5.978171319283411,25.363467178999432,37.156298833963234,8.005699953888,79.96949077445652,28.797779166666633,1.4565565478788,74.0796895000004,1003.7363459090816
7/5/2019,24.33067149430448,10.855462945108757,4.453338011252045,15.444085122951492,22.762227650282718,4.084536348188428,84.30323707848088,25.81017059737709,1.8502973924931119,73.02501020454551,1007.0075165943483
7/4/2019,25.21461534420283,10.861287390963122,4.427539218104282,15.99953629811705,23.815581261144665,3.8386177515831315,72.31973711324851,26.02582680735918,2.073851305303036,72.76896580952409,1007.615251233758
7/3/2019,27.95647792708333,10.851293917045483,8.486632528240712,19.434715204556824,29.139576316750286,6.335120079487128,67.94410633627724,28.00510375,1.5436341564393912,73.56246024999999,1004.1866746590972
7/2/2019,22.82281087847227,10.865888475378696,8.086867104587514,19.210225431340533,28.700419667464715,6.35814961187296,68.00626767300712,26.18074299242427,1.6277170659090936,69.47614012499969,1006.4260701893909
7/1/2019,21.702941286001447,10.864201311423384,3.1607997433479147,18.610508694568907,29.87779132125223,7.485699537500007,63.954011836956376,27.635714621212,1.8839039541322207,67.226031791667,1010.8939746590845
6/30/2019,20.793427864583254,10.851300598699007,6.325659406790077,17.482609301098922,25.744953159559575,5.383225960256429,63.82236949479176,25.071879204545453,1.5198741745454598,67.0014307083338,1011.1312173105908
6/29/2019,20.953566123339357,10.851047312499938,3.2702588352321436,10.698672839627125,15.47995833263656,2.6251144086538485,75.75409676403976,24.052066931818274,2.2085487890151296,70.27714154166661,1005.5943074242398
6/28/2019,33.46076653819453,10.86135242878791,9.871120169008387,25.045644437207336,35.785495563405846,7.049286177243571,80.20145827083311,29.252703204875,1.606807883116877,72.2277338749997,1001.8307653507909
6/27/2019,29.05299863845231,10.861284605813601,4.9915407549721795,11.613835859796561,16.825009549152053,2.6153040326969212,87.50769077367374,26.659250037173003,2.2642475414031606,71.2087614384055,1007.5768680154972
6/26/2019,28.732953410778915,10.885099313257696,2.341538452251987,11.954901160841688,18.094237576226355,3.1933032528846406,69.60941217187514,26.81877246212118,2.135152086742421,77.543432375,1009.9106544869181
6/25/2019,28.197925623339334,10.88584830871215,3.652717820980987,13.797352667179776,20.406407892001077,4.123922316404454,77.42520090625013,27.720984800724636,1.8273633353754881,75.2049448061594,1007.4596664196338
6/24/2019,31.02346056597217,10.871336536050668,5.0929300668343656,17.373397311021463,32.13197553666173,6.411966861771565,73.79979925,31.710859807162365,1.6982815047041546,67.182458484848,1006.2614887157091
6/23/2019,35.37817220561583,10.874422758761392,7.340700137124224,18.976931238877672,27.464394248618607,5.530938805295415,71.65632842187487,28.203486360192816,1.2559468933146454,74.64455660984841,1006.0987980371999
6/22/2019,41.63283859118341,10.880919946887273,5.00333227619431,29.999445878576736,42.450811918034944,9.105394435758061,67.93217188020837,29.86951151170791,1.1965560764531644,82.5426234848488,1004.1778257084745
6/21/2019,46.118863430921,10.884263561248353,6.638909325065299,35.407436380665615,57.31696034022413,17.929177683511607,39.3164391875,32.46715416322291,0.8601676572314036,88.7949618181814,1004.1351781590528
6/20/2019,36.03937665884819,10.87146145537142,14.0307811146016,40.25528392922517,61.015004192180335,15.842986037834466,45.54797855548,32.08314164800154,0.776031866551389,89.8505346745172,1002.2106897073973
6/19/2019,32.93661357841817,10.858328117972427,11.601073654005566,32.280184164347624,46.5343926169516,14.278469629079087,46.97350869270813,30.831822572313637,1.1177688920454576,90.3947617916667,1002.6525148270691
6/18/2019,35.117275807820086,10.856551778409031,4.120129223875645,27.21912551667316,33.83579848627987,9.806196508596953,55.046939718749876,28.331781494490272,1.1409996111570238,87.81175604166688,1002.233180378779
6/17/2019,34.78083849652775,10.857793770075729,5.3073098437830994,21.892660793882634,28.964225082225877,9.712624231716847,64.05948254687488,29.16955833333327,1.571312312862321,80.0233069166666,1000.1874590909217
6/16/2019,35.578474662563245,10.862796503934625,5.1244024441666545,23.330445804234618,28.251099866930304,8.524768423996695,60.98926236979137,27.105285345336366,1.503590791421979,85.40689872023822,1000.2705290766381
6/15/2019,35.17217264488639,10.868564094614547,5.33177763274414,20.140783421985944,31.696067914656055,7.337535970339616,58.50152726799237,27.947650862742275,1.1795763753011572,84.13014398369532,1001.7835778656153
6/14/2019,33.58494325694436,10.868774226515121,5.8752243350589115,19.889767710019537,31.31024023648272,7.119447025641049,67.37621938020837,27.236838674242453,1.549683578084409,79.9043214583333,1004.8560842803126
6/13/2019,45.10844055704366,10.878995990874667,6.871256635058867,26.835844790299706,44.90371143727122,11.735372408799616,65.3320020088315,30.053206659779995,1.8161259065151507,83.11832443560641,1003.8560711535755
6/12/2019,30.744273204861162,10.88038352720691,6.131779187764556,31.22883889133226,46.4296144914612,10.054406032051324,48.75062735937499,28.355652557641452,1.2541482009787244,87.2604921358695,1001.7730529825329
6/11/2019,24.969393245471,10.857854334986285,5.841737557421767,21.76387249364923,31.516988455672898,6.444219386984394,62.03075901041676,27.338251501976274,1.2324464886528272,82.55281609057928,1000.4450387285847
6/10/2019,23.56703735356275,10.852218024621273,4.803086106481477,11.29726036626261,16.184603266861853,3.1685421624126096,69.55706822916662,24.42987803030309,1.8250103768939425,80.7410701666666,1003.1821617226673
6/9/2019,25.71544178426925,10.846660817424212,4.474303042089389,12.047938827229704,16.62349741039583,3.217447407604866,74.344060625,24.349067725625726,1.9067789407114701,76.47158907246362,1006.7345477799582
6/8/2019,24.715136517361113,10.826022596969757,4.827969702314844,14.241323195847231,20.29079786315505,3.9807811236305644,69.98718066349637,25.92680575757582,1.58047392424243,73.6937065,1008.1926915151456
6/7/2019,25.639347545138833,10.82488293737382,4.328713367129618,15.364263765844433,23.950110398474767,5.880442829380315,64.723813125,25.91451893939409,1.4936211564792599,74.89258791666671,1007.4347936776926
6/6/2019,26.075390000000027,10.827825008964608,8.482376886728353,16.066918025278767,23.512643301421495,4.875361159508518,66.30067479166662,25.319310303030452,1.411980233636358,75.0076328749996,1005.5649035589709
6/5/2019,29.422754173610997,10.852115143055546,8.18441560432099,17.145721962472127,23.7908999136009,4.4063162292124805,65.16265568749988,24.329850378788,1.330375467727287,76.54853308333361,1004.0441662499999
6/4/2019,29.393398575657915,10.852079072119057,7.807159986292299,16.665956338475443,22.798085401337975,4.046023795695941,69.66036063541664,24.586354333333453,1.4291215572510725,76.29306867500031,1003.7500032121236
6/3/2019,42.263112668972255,10.85005803054412,7.693748596940411,19.081593218404016,27.900387437341614,6.060033830235042,63.4895034293155,26.29499314558627,1.4277308153491517,79.31972365942039,1004.4209120727002
6/2/2019,28.36182002053142,10.840760567424272,4.401406446128503,14.367443995633632,19.064815901337692,3.26307940170943,60.174275726901996,23.259074242424273,1.285299822348478,84.8653968749999,1004.0020977272753
6/1/2019,34.134425126157424,10.826463224621271,4.6990509997181995,15.597563508203281,21.341930967391406,3.6146815787393347,87.7464302430555,25.384779696969726,1.5993783329545481,77.29865437500021,1004.2847809321506
5/31/2019,43.445275201539914,10.828933204545422,8.820866026905522,32.34300616815774,48.68745520080814,11.178160153306383,79.66137391666713,31.351389583333727,1.4653386268939246,66.42379437499959,1006.2467678096208
5/30/2019,41.07720490626659,10.831758409973565,12.58846595154329,33.11573187423358,44.55365950752536,7.792562875809732,74.21672410416639,31.04498125,1.766389815404036,63.66817061111131,1007.1471207828247
5/29/2019,53.286881114948926,10.830712296929818,13.026279950617244,36.37644902523671,48.560558469664734,8.13635974258793,84.96014977901861,33.96697594696936,1.807423601010091,63.5073443194443,1003.0271997256627
5/28/2019,43.73876137394325,10.824291772710847,8.500449628395055,32.99033954967949,46.03304871645961,8.799234076495724,68.74715783570089,32.21821393939383,1.3239630642278064,68.36070161111101,1003.41936998737
5/27/2019,30.71128517300728,10.82824330000006,4.776110141622567,22.389794178901866,32.07449561013345,6.390921733682957,70.89053188467275,28.486920416666997,1.6344629550691727,70.0041488333332,1007.2353978194947
5/26/2019,33.61488811805559,10.834619560227365,8.507636763741244,24.6119607057553,37.83849550097552,8.580065671265352,68.60822417708275,26.07435806818173,1.3670411778787843,72.34339287500009,1007.6937693082909
5/25/2019,29.84894634722225,10.847583960606121,7.834470878086389,23.548116295083357,32.529772625063465,5.66936917257187,62.32338171875001,25.01898984848491,1.660302441302006,78.209072708333,1002.9914390805592
5/24/2019,28.569025380787085,10.844758788591701,5.436325156881156,19.630389090449082,42.1204657172393,5.015057630431008,69.05443853940213,24.727234280163817,1.7447151146932365,78.09052144616061,998.9914649889226
5/23/2019,27.97740709722225,10.835702937878787,6.4373261539701785,28.03044040183928,50.104058723852404,8.927028780706785,61.965811830492505,29.786748243801814,1.195457985227279,62.86408483333331,1002.4912227651607
5/22/2019,43.043648526419084,10.823853635227122,12.258176641250678,31.640265663093178,43.682046946209766,9.492179113095176,65.09236629778087,31.436464211133003,1.3547158987060106,60.5529788750002,1005.0533699684728
5/21/2019,59.60525777324867,10.836571396108878,16.92874234615609,46.37384563292789,63.977227696348976,16.960547328088555,66.64198212812512,35.544244356061,1.4322591911796472,60.377323125,1003.7337575691763
5/20/2019,55.504580936443,10.841053329442271,15.221919173176344,47.16327304469067,62.60577135117031,16.292922190914208,56.7147345014205,35.53964386363609,1.2546308358333365,61.9727110833334,1001.4693729545419
5/19/2019,44.365569387832004,10.853547019214906,11.115497819767187,33.28481989994425,47.70929066109266,14.004177801341793,67.15145243229225,28.244155909091,1.558425243181806,70.4229044583333,1001.4090389311627
5/18/2019,42.36748075935966,10.852779976790636,7.883066604629666,38.10698798953455,53.50756870004844,14.761815941683361,42.489775944791745,26.724045946969998,1.2884761752066027,86.1130963750001,998.5219516090193
5/17/2019,38.30421305113633,10.835614309056446,6.831475210915311,33.063391577380926,49.45941905303042,12.665798661500922,44.424984666996124,25.294673298898,1.5836079579515392,82.9248989166666,998.0345293934973
5/16/2019,42.02718275252525,10.854534911570273,8.66169754687631,32.71443357072181,48.83568527717419,12.593712431391936,59.18585074085987,29.748448651515364,1.7329051075098845,71.061998725,1000.0408701544801
5/15/2019,60.371777830401335,10.858736533745363,17.728987526449345,46.686346981345665,62.32937667904562,14.84337061011456,47.65201882604175,31.147293754711914,1.606835308982801,76.12543723086131,1001.20465722086
5/14/2019,36.74379416964275,10.849884164339771,14.582947461488244,21.484503852940353,30.049672173719745,5.550697855126237,62.261680635416624,22.906144772727274,1.7673818681818039,79.6522493749999,1005.8165643939366
5/13/2019,26.653951245580746,10.850113380612939,8.185860584113044,17.585675899902494,25.73189192837605,5.955802458367069,67.77009990104162,23.42194352272718,2.056458911363634,71.2142209583333,1008.17941727273
5/12/2019,27.529837034722163,10.853231972176339,8.314593289366655,21.62874893153562,33.66914540215625,9.484783310256459,60.70489486011887,23.582820946969637,1.4665209046717147,71.31011262500002,1009.4093615909183
5/11/2019,27.289441048611167,10.877898802651485,6.9661731222222665,31.65647437221308,51.54785781084192,12.365324012959924,51.25847192708338,23.425906893939274,1.2319716528708111,84.31178854166629,1004.9913893939363
5/10/2019,35.124954387983,10.875754899884718,8.723652061868645,43.03670595730653,72.36143941887859,16.826479447133725,37.29924420040762,25.587710992822817,1.0032246638556628,79.76581274999998,1000.6435463175173
5/9/2019,26.231368412247495,10.882562057575727,10.52285318415539,27.54092618870646,46.522614656573424,9.869644973741895,44.53690210824287,22.76662926298736,1.0796242472943627,71.8616771428571,1004.5156552110402
5/8/2019,20.336507468749975,10.849336268560545,4.947768761284933,22.916819500418075,33.19111283628904,6.401735198592531,47.43021161458324,17.628873257575723,1.3326012189393974,85.4176553333333,1005.3727345454455
5/7/2019,37.42801656340591,10.842627640349024,7.05059657885739,25.656912855351134,33.599337457753975,5.434052877090281,68.41562628645838,21.88973287878791,2.192678466287882,68.51821379166671,997.6246076745654
5/6/2019,46.890837451388926,10.851991540151484,7.8961928405723665,26.453544316332174,42.59628021219808,9.389396159002203,58.01083500000013,26.635674204545634,1.6701352415151545,66.30303062499999,996.2664803030308
5/5/2019,36.46385544444433,10.848619322151007,7.343236338720589,29.450082961538513,37.08723367168333,6.442391159959721,55.76368779778075,23.85384571969682,1.3772582763528054,70.4682730833334,999.9762109331873
5/4/2019,44.06298449936867,10.853783930613028,11.787301809876634,37.90136450780387,55.380854607812985,10.29719313493592,59.283312079030374,27.873145037878636,1.4671191956709935,56.523341333333406,1002.0073752025727
5/3/2019,31.156480414603447,10.870357840530273,9.454193284413554,34.80528681238503,54.30427408765315,12.158444202304938,58.260110019097375,28.03456209650864,1.3197691831709928,68.18454241666659,1003.1112250872854
5/2/2019,27.102280356582,10.876392520454575,10.2674865387471,29.71041695631549,40.554908552934386,6.4619413204730005,67.32481876110687,22.231778451910362,2.013498191254936,70.40838838224639,999.9697304010974
5/1/2019,41.17028047841192,10.87402766931812,11.387909275154335,34.02973512876254,50.85414326477121,9.965273660256353,54.46215072743075,27.522887045454546,1.873193065530309,62.5083848749999,999.4117198484881
4/30/2019,66.76723796296334,10.872005427817571,12.8751471920827,39.40919823258077,61.896008142976676,14.38954711217943,53.053365727430126,31.604229393939725,1.5657967429293045,58.4276851666667,1000.3821828787873
4/29/2019,70.37148366410825,10.883278895474577,13.61737274586689,37.416505756967766,57.4471856283371,13.02085009197322,49.14987089930563,29.79209128787918,1.2219027702020264,65.2541044583332,1002.4279355121863
4/28/2019,63.21563409970241,10.865621681182988,18.06310441820982,44.05451650529547,70.04370069122602,14.327978769230723,45.322073696180624,28.743123219697,1.31087858232323,66.0933630833334,1002.7627307954482
4/27/2019,42.726241347222164,10.86168920037882,12.539386648168268,42.93179733221877,62.98606921474322,14.741280562383396,41.30737524199887,23.04922176893909,1.2432181376262472,70.1997864166667,1007.0007527174056
4/26/2019,44.35211422569449,10.865533851298672,8.020043364170734,36.01548306821325,56.96774594328293,11.855698930740065,44.64173339364037,23.785995681818182,1.2817952637759047,71.58032970833341,1012.1782344697002
4/25/2019,49.269675406249746,10.86741661815181,8.412916152356933,38.47761506153562,57.22385075562516,12.108739666725237,52.76380674706287,26.54325456422936,1.4057577575124844,63.91482659347829,1016.1873553670819
4/24/2019,39.23559581597217,10.88128553378096,7.383622866931244,36.82754860507228,51.64771218977348,10.109746723443287,53.38271462832125,25.109442833333002,1.4360193033761528,63.417298749999894,1018.6429505484208
4/23/2019,31.280472704861168,10.866226810296144,4.82267734007652,27.938559979809952,39.4409057933513,8.652876905319614,60.343393552083505,19.18643468939391,1.6862448304183166,61.722083124999905,1017.8290032345153
4/22/2019,25.275644398399645,10.860192236742547,4.152879402230645,24.396723774287288,38.06674620892125,9.121171528914727,61.961586663573,19.42550427651487,1.6344767450558246,66.4061675416665,1015.126336740761
4/21/2019,19.244595138888833,10.866850199173676,3.874636425462967,18.44294350163043,26.34063726098372,4.819111356247032,72.87899390625037,14.357175219696963,2.069777549621209,70.2732762916666,1015.6637464097519
4/20/2019,24.95661,10.870220114278535,3.2508921555555554,22.768686214060867,34.956004205875566,7.522106993036344,64.81226652455399,15.934756034090908,1.6916750064394095,78.8899255,1015.5813515909118
4/19/2019,17.572857490187275,10.870092019202927,2.625319535158343,16.5940059446007,25.25644865626595,5.132031356222953,71.58701973958337,14.959684835144946,1.879511403030282,77.2131865416668,1014.5266038899755
4/18/2019,27.205703506944506,10.862308765909122,3.2647262496913547,30.091844680309354,45.4145099268862,10.777179351327845,51.2703330823865,22.889735007576054,1.163328801663378,83.9725822083337,1012.5211315415028
4/17/2019,33.508357684027835,10.855491024494919,5.9555582580247215,34.35537443745821,49.88699881219798,11.049130553651098,55.99739334801137,22.743857874999744,1.190987550378782,69.00526708333331,1008.8869599242545
4/16/2019,21.434519295138895,10.849047527272697,2.744702112654321,17.266742220649753,25.45560677345785,5.30591004202141,61.54814802083351,15.788938257575767,1.6707191174242546,78.53312395833319,1008.7457597348573
4/15/2019,13.848683135416723,10.852646764772816,2.4317741450617323,14.730068199554104,23.49008033965062,5.960739622884764,40.64879989583337,15.531097064393945,2.023724017045464,89.22446187499969,1006.2935249242393
4/14/2019,24.202178892361164,10.852337412121242,3.989108718518522,23.527481569105387,32.37387989246571,6.791150984722192,49.434303062499865,19.045537113636428,1.533437446574431,91.2559969166666,1001.3050755500689
4/13/2019,30.42244316319433,10.846418659848515,7.228900119444434,35.7830111514771,65.99461957362533,21.918083945512844,38.33480496557975,29.878622909091245,1.4627969070592344,84.84441470833337,1004.3867224242455
4/12/2019,33.86183807638874,10.835027476136334,6.068812935648156,37.47771114841139,81.71093425130117,30.38927966987165,38.021803515624875,33.41386944976918,1.3864294411561144,80.96328420833329,1003.9356849242363
4/11/2019,27.860641107638916,10.8362716433884,4.862792281481444,38.02975321042369,67.85923669221505,20.6058209400781,33.83847477083329,26.166517348485176,1.1113472708333312,92.2004445416668,1000.0076236742481
4/10/2019,27.63599526871975,10.824761395823616,5.586719271014477,36.109256230769226,60.73753917316163,18.037696346014517,30.518423171874748,23.59757014393945,1.0629686385046073,90.9958140652175,995.6920183135644
4/9/2019,28.55467366953508,10.803462788316578,5.886392842989411,34.08468541513369,53.40345779635322,13.667272972686764,48.760750604166496,22.12585648106027,1.4151527744400498,81.5898618333334,992.2012002651508
4/8/2019,39.87118155900617,10.82543440164848,6.341081716524734,35.45764211487857,67.05259361356599,21.316439858805715,38.771442293311374,27.89385515332673,1.2729781366522281,83.14751586111132,997.1808088592527
4/7/2019,56.87805627717399,10.851518332227434,9.21784337175918,37.7628480092949,58.98921545930159,14.965375534936,37.98482530208337,20.95102456818182,1.1089033425865773,82.8533950000002,1000.3839489015245
4/6/2019,52.07467104166667,10.854295694357964,5.745152894444466,29.3071465511009,44.60865533625238,9.643880814715763,51.780545156249865,18.65331225000003,1.6725650363636335,81.4736079583334,1002.266622007579
4/5/2019,44.831577777777746,10.851798884469819,6.874055249033889,32.04763505358154,51.08624555238982,12.686795836538522,52.57128625,22.031236500000237,1.4168806210924954,78.06741299999999,1006.2128418939391
4/4/2019,33.17608728125008,10.834596887608226,3.3660187861111,17.63622289941477,29.02400786161481,5.777053371070246,71.5822632291665,14.204092931818293,1.7858106712121091,77.8897617083333,1007.8852318560607
4/3/2019,40.567579513888916,10.822806021376719,3.1344159740740776,16.630961216536193,27.333040541266726,5.48865648482313,74.26736005208325,13.451400719697027,1.9696597560606002,77.44709958333343,1010.0285282575788
4/2/2019,46.00566594444433,10.821576393885342,4.992932548289044,30.374115982302207,55.11249004068421,14.193612816151102,53.06686194791663,20.403647651515463,1.7952796020685091,81.1444789166668,1008.3830836907144
4/1/2019,28.323733777777665,10.819923247830548,4.631290563425923,26.92470581584454,39.71208638212498,6.766573451128778,67.60235218749987,15.227291254476608,1.272342368560612,77.5545797083334,1003.9825014393944
3/31/2019,22.875499227808003,10.833242815266829,3.9383223194444446,12.894144696669493,19.9401981563038,4.272879871959604,84.29250807291577,12.047758254776001,3.1032531734848545,70.86816037499989,1005.571864599809
3/30/2019,28.456927875000087,10.843327562285872,3.379000914351844,15.861888191842668,22.67998305811945,4.662128202189167,75.10098583333364,11.006758545454538,3.5219650606060453,63.82787666666659,1011.4831046590782
3/29/2019,23.01714815972217,10.836400070619328,2.817343119598754,13.73281328537423,19.820517481437054,3.2727381536434286,71.1425375,10.700958136363617,3.670467098484845,60.498457916666595,1015.9848232575845
3/28/2019,31.381309112840416,10.830737022857464,2.765607335129069,16.355927554053245,24.194375088160008,5.183135194963314,64.69182137152775,14.539573166125566,2.9126866675865815,68.4471897142856,1018.3151285984935
3/27/2019,28.863489128472334,10.8144013645586,4.327365295987666,21.048607757302047,31.835617985038546,6.5346980282051845,57.31381853645825,16.714483560606062,1.7466590037878817,76.08393604166659,1011.9318594713492
3/26/2019,52.021101899305165,10.821347063801054,10.837657396913466,42.23434404361767,61.62172483174962,16.513512500640978,46.045772151041625,24.791783682311983,1.7704629583333327,62.93754756702909,1002.2501070882764
3/25/2019,40.11072034722216,10.816161742210115,6.276151233333329,40.024566496390776,56.52364314320462,12.035063631410285,46.72363632631338,20.4911991470685,1.2353623603305754,67.3290118333333,1006.6914458712182
3/24/2019,26.617382444444413,10.831053986528268,3.2214673518518473,19.23245767955818,28.468263237407534,5.317761811909577,62.85637600520812,13.911781094038183,1.8900448189393908,61.90285849999981,1013.5195570075881
3/23/2019,39.18738489930549,10.816378761907176,5.185645615034119,32.421509883806976,46.77569400914636,10.179636686217991,53.471226328125006,19.726950636363338,1.6811478612012865,61.3943685416667,1015.4815431818181
3/22/2019,27.58708286458342,10.81993140016454,2.6941654999579,18.25423553242754,26.774944853767675,4.674920191569127,64.66652638541662,14.358297814393971,1.8785456106060636,66.4966944999999,1021.475935670291
3/21/2019,24.055712072916588,10.824863381579005,2.783829532870375,15.841388655295416,22.7945478824744,3.9234922833333745,65.95868619791675,13.960331882575788,2.3322719662878817,76.18162804166671,1021.738270492418
3/20/2019,45.14978308680559,10.8022299193183,5.300865756944451,31.259786689799267,55.03079461704439,14.878356233653825,45.43536853399113,22.850459886363936,1.8781973042424183,79.9736837916667,1013.6072718643001
3/19/2019,74.46036829861193,10.802082991666666,14.920310533897002,58.589065722318864,100.74160481742254,33.78439057831664,36.70514493511625,35.24043690316173,1.2749217556422854,68.42437598913031,1007.8896578884345
3/18/2019,60.44890642613641,10.806148213774165,12.760410543181745,57.05883480490555,96.65139123202356,32.05147809615384,34.618454942135,35.367079034090914,1.2528092268544126,61.702675708333196,1007.8206472727273
3/17/2019,35.69818729166666,10.820971508679214,14.167541328703667,31.495598011566354,44.88375733305473,8.667663691987256,59.965970892045505,19.76221937500009,1.9387163436978454,58.1349506666665,1007.8117870899274
3/16/2019,38.124342465277586,10.832608051482184,8.7501873448671,33.78986853782043,55.16403392516773,13.942136769230832,48.473153565505754,21.03635487121247,1.6892838561978394,70.21380866666661,1003.8282704924281
3/15/2019,34.304770514190835,10.842653129545424,5.4843358981481565,29.550899692766208,42.888082471445195,8.016834779312337,40.167467375000136,16.064442931818245,1.1321900157938027,80.5666149166667,999.3592691287909
3/14/2019,25.205549035929863,10.855210748932478,6.460203737962988,20.93779064967959,31.772900720994592,6.625525182371851,53.87163427083311,15.036246935606089,1.6103881820816726,79.0118419166663,1003.6624428409091
3/13/2019,14.561761963013305,10.847959339433903,5.343669478804312,15.627230091574148,22.69299184112393,3.671575102455165,60.487231843296996,11.82992075378791,2.7854881623847088,87.46429583333301,1004.7939064772789
3/12/2019,65.64434064804293,10.841487362500061,11.403304538747925,51.91618596098102,101.27931301296546,34.06352323425297,28.158627213541624,34.68120671212155,1.662282763820118,72.6235781666666,999.6397635984936
3/11/2019,57.72691158901525,10.836163712998315,13.892207051389,56.77524891541232,103.83998384908568,32.69005915448749,43.591782468750004,39.9527936931819,1.6447867228392636,54.566108083333305,1003.4954224242427
3/10/2019,52.467856773042996,10.848013499675325,13.552469092592556,45.534153953874004,78.56989622352832,21.339599525641056,39.35263322395838,27.775651723484543,1.9093589366960182,67.29672366666651,1010.0033039393908
3/9/2019,69.89768353819476,10.857704766606739,20.86030348657411,66.5882105897435,127.31606946277262,40.96859490705166,33.18503765625,41.757388200757354,1.5909503327635128,55.6708909583333,1012.8715381818209
3/8/2019,62.10198896527792,10.856868515470586,14.30665639537029,68.99786521153901,122.97113762280625,41.653445906215026,34.53409375312487,37.51112422117927,1.1629671474703518,52.1185564252306,1014.0605605338336
3/7/2019,42.45140634228158,10.846087871995097,9.073484084920667,56.81317815342864,94.33282208301488,27.393740244007894,34.79570972916663,29.025619706522,1.1509335508344445,65.12090980357131,1016.1105030086571
3/6/2019,85.85031691878025,10.816240131884028,16.287235504629635,72.99681566438595,142.54559583021506,48.40277706823221,21.05354193229166,40.619095674572144,1.077217432568691,70.7727343333334,1009.38749886364
3/5/2019,67.83621585144925,10.818530625275452,17.60770301388881,61.11441704487209,114.87812491364039,35.24605551602564,34.02657231250012,33.92465609848461,1.6889491327635056,58.420794499999985,1005.4228438241083
3/4/2019,36.18968538352283,10.852479474242484,9.082574499537033,45.95061027940379,72.32857565926068,16.968628278525692,46.68319803422625,20.352574074959854,1.3620523420564292,66.04084762500011,1008.3343904924153
3/3/2019,23.569290288194328,10.881300504924122,4.640937856627654,30.141056881563802,38.751168826763745,5.0076577446387205,63.414974166666624,11.109730223484846,2.3067385385210817,70.98699,1008.4166253409127
3/2/2019,58.36378991776284,10.87537000151521,14.623920393518635,49.52513068115957,94.21979226879299,26.32963074145301,34.38562256672025,29.176261462121207,1.908013941172591,73.208237,1000.128733534259
3/1/2019,37.730754281250164,10.877351142391275,19.05719330555552,47.22757884535959,73.81439778452172,17.22012335075249,55.49836259953476,21.94401827651518,2.965627339873891,53.72709862500001,999.6467471212236
2/28/2019,23.07334390277775,10.869558599604714,8.240112672685255,41.66169670653572,65.14941476577177,14.67466314743596,44.19545574479164,15.279426731060317,2.1080640241271364,74.6720263522723,1005.648469948352
2/27/2019,23.185878104166672,10.843310620075757,5.5544507908730445,35.32411854340856,54.99175924789712,12.715310250696774,50.160708807291755,15.403804905303074,1.7007538788792003,83.109834916667,1004.3087609848546
2/26/2019,27.232937715277746,10.854509965289317,6.7712087222223,33.21128059077359,49.2633939628604,9.864725020134008,53.57493177083337,14.341271340909081,1.6080981559453276,73.88576104166631,1009.5866539394
2/25/2019,21.89508292361111,10.876853254545454,5.184830042592633,32.55743307519381,47.83149180851759,9.294311494172494,38.83222265625,11.434419731060656,2.095887624127146,86.6066604583332,1018.5348071969728
2/24/2019,14.23204550347233,10.863153148863606,3.6603742416666964,31.779876022197843,47.744083933568305,9.791697070816848,47.19345661458337,11.233713818181881,2.04711493662713,87.49462249999999,1020.6144315151545
2/23/2019,32.49057751465742,10.855644980846538,6.8318045533729785,22.71531065338508,34.12644018418131,6.923368593210981,49.503303630682005,14.240814950757608,2.6457346791776457,85.2748646666667,1013.2277025000026
2/22/2019,75.37378498037434,10.862207281331258,11.176619954629665,46.18773640831853,71.53535092662868,16.90673173455717,34.64365936505688,19.78011835606094,1.5113158755734266,80.2993253333333,1009.9220692045545
2/21/2019,83.88114747916599,10.851853313109263,13.878947551529922,56.94345006347794,118.0506569728669,40.142550684440906,27.944171349260127,34.65346424621246,1.6529997522607418,79.0557587500001,1013.298078255921
2/20/2019,87.53986314311618,10.862071660227183,15.432209515476144,57.185963443016824,114.56737947230825,42.95843567686442,20.216468217013787,31.074309098484875,1.26489156438196,80.0999828749999,1010.8668975905755
2/19/2019,73.7616799064015,10.839153000131724,9.867743453703746,51.89168439271089,96.62454002002337,30.05655722494191,31.383676868055623,30.52894250757578,1.250880328156068,75.1388875416666,1014.8775609848428
2/18/2019,70.91739218750034,10.842278822348574,11.01381031712959,55.575205455837846,107.25868722186985,35.116969273018576,21.245233722222252,32.81499866666639,1.1286446730922757,77.0920155000003,1015.7666155681883
2/17/2019,34.02654660069452,10.84577947115803,5.8414788471106,34.14028346833198,47.58871536829117,8.209824051956339,46.650997062499876,14.460666440082672,1.1551048876257557,70.33470220833331,1018.1836250344455
2/16/2019,27.75606991666667,10.863800365530333,4.536833722222223,29.093307431576537,39.64585707612686,6.401787428787885,57.47647781249999,12.547129750000066,2.046692737763497,73.2400089166664,1018.0602125955429
2/15/2019,23.662961149305634,10.865360212022427,4.995565731481489,33.15971628627275,46.03102095777782,7.894104811480158,48.79561444270824,13.003662568181829,2.1820842870059334,77.18347520833301,1012.8604854924392
2/14/2019,19.449185072916613,10.843198725757638,4.251994527777778,27.523485495929826,39.00968164202823,7.005930602960348,55.23865817708338,13.293675958333363,2.665804154808961,80.0851873333337,1015.2597279924271
2/13/2019,20.35742156029036,10.834093231274675,4.844158724867734,21.917932293560618,32.63285245710431,6.446498824760564,35.207592817708374,13.991385564393925,2.371726513521073,89.96015700000031,1012.0333745833364
2/12/2019,55.14194134133442,10.826798907443916,15.328210828703703,36.53082193381987,80.4445770432395,28.00281681663627,35.542904028409,29.631946106060365,2.358655382905127,66.88468999999989,1003.3281049588237
2/11/2019,69.74803495138883,10.832301241057372,19.984197986111113,41.62782924996208,106.94243417453632,43.6295358568086,19.044364976325877,35.8135404545455,1.355712009912619,76.8381224166667,1007.9449051136363
2/10/2019,33.866755802083254,10.849910342424272,7.555698227314855,25.448112897617104,45.76139692112623,12.73719900608976,34.84673281249987,15.606907981060674,1.2375002523089482,82.0379294999999,1013.4684808712154
2/9/2019,23.525665774305534,10.83304985051653,4.1040217925926,19.309124323104765,29.48238325033431,5.9208138335284115,37.4847966145835,13.368432643939382,1.7347584790513724,87.8105598333332,1011.8509687878818
2/8/2019,27.411984003472142,10.799867591288027,5.132978087962965,26.25302067916656,43.10734559462079,10.353359778846206,20.315860881114126,15.84239237878788,1.4020197160210754,89.0772415416664,1008.8568647727309
2/7/2019,23.461259878472248,10.825110076136454,4.799651945370333,23.567586916137095,42.33659684398421,11.470648939423127,31.020169796875123,16.737410299242754,1.8685233601119817,88.896774583333,1009.2435350757637
2/6/2019,36.74168479861117,10.84828478409091,5.906981759259234,25.526870047979383,43.270944069537386,10.224267639451,36.5871008020835,17.52826753787881,1.7868885676877275,88.3114244166664,1007.7609220075782
2/5/2019,67.66934247312834,10.837966087878788,12.876032756313066,48.56104923858716,102.81205145553284,33.60824406038177,22.290734406249964,34.900064844697276,1.3239318533102729,73.23516154166671,1011.23088367424
2/4/2019,68.17505335597825,10.83629120378794,17.62520928240752,57.723441186036816,143.29056966222808,56.890078614548386,20.1332764322915,48.30872812534399,1.0211188557453346,61.512161625,1011.9013709090855
2/3/2019,71.36429812364133,10.847570916666667,16.426437695652186,53.977300885729974,128.74590471250156,47.93002178678921,20.444664655145086,43.31500010227273,1.0447224347496755,61.5284173333334,1010.9786824621243
2/2/2019,63.08880336363609,10.862029554166632,12.677482775673477,55.04799786245796,121.70002458718237,42.574825340217146,22.912455899305623,39.04682603130021,1.0098319984253943,66.4303412587719,1010.3559767803029
2/1/2019,38.54227377430544,10.853437125823332,10.676328804755856,33.32193422416377,61.78075930335887,17.41482613328059,50.702357717329626,21.752984723484573,2.7782252105994725,71.1032218750001,1003.9052767424309
1/31/2019,31.247583597222313,10.852510919318243,8.7389559083333,33.851317502647674,52.343876182540335,10.238160315778616,51.378002843749876,20.838328087121184,1.7830337851119908,53.449079041666494,995.7879907954601
1/30/2019,30.62059383680553,10.858749567802878,6.2804947184581215,30.350257831886264,46.22800058206646,8.4156856424309,57.46343829166675,21.056179412878727,2.253073913899858,46.25039987499991,996.3566213257582
1/29/2019,51.04898133333333,10.869534660606062,12.237981877777711,44.716724719283285,88.81601501978875,32.880571812667256,36.28838486458337,29.473104998737554,1.6178906030412998,58.629709847222315,1000.5583673358582
1/28/2019,55.85875554513884,10.86614959659088,10.381320414435788,38.80351635600836,85.55620140498853,31.349398222477614,20.214756410714372,24.486490856060325,1.048263469581694,80.6994337916666,1000.0959242424337
1/27/2019,39.33107718749975,10.87052569419191,4.365354958333345,28.561846175545615,46.06963948104801,9.956697479250254,27.327484989583247,13.560725534090944,1.6389814835968366,86.6072453333336,998.4748255303027
1/26/2019,59.332475451388916,10.86552540423254,8.204027004629557,33.475377537725336,53.28039504192787,11.778280570492969,48.35165796059774,20.93344566287888,1.8374930871212192,52.42860829166669,994.0423904924301
1/25/2019,41.92190765972226,10.879014328524404,10.144823004166811,43.00767229696188,79.71940210614906,22.45592180713498,35.00904284692025,27.227333234848185,1.6582523597331964,61.3659782083334,997.484968863639
1/24/2019,38.36750095287686,10.88776732586574,8.77421077314819,35.65451302736359,63.38745215638149,16.643337869970992,42.16216569335538,24.557308507575552,2.1423991631422905,54.46039987499999,992.4109467803028
1/23/2019,47.951209993055585,10.883919418115942,10.994176203703732,55.08887340384595,120.67751033292849,42.59274508940913,17.205797315503403,33.42869193181846,1.3533362127290745,73.58474587500011,1001.7019192572457
1/22/2019,24.941304496527664,10.881432371590789,5.806735182870322,24.579942314520604,40.84759393928015,9.207069150320557,33.547255604166494,15.594094962121217,1.854395717240097,83.21355816666632,1011.2835916666754
1/21/2019,52.874354802083246,10.86873228181818,10.57377312129619,49.045128174331126,114.3544797964049,42.241590338350306,19.839002353147748,35.020965973484884,1.4433179763504653,75.9101562916666,1009.0801875757608
1/20/2019,52.531599565972165,10.870625741287936,13.715075511111078,45.071032580964584,88.94201010395744,27.12059752680222,17.5981024021545,28.05793424242428,0.9757457481357062,72.23111137500001,1010.6021890168099
1/19/2019,56.56515081652008,10.87515290745612,15.286740033333254,57.039697985653625,122.19255494315283,42.169875249761084,22.799487354195165,40.14016473345335,1.0816087121853526,65.7725299614035,1011.1914529883118
1/18/2019,59.84222331944417,10.868995208119237,18.262873753927888,59.167865095178094,144.70601629193837,55.69839673285928,22.76090919119312,41.38532739393943,1.159746767308957,68.64838957500001,1010.3904145151547
1/17/2019,43.63643922569458,10.874167838257545,12.498485141203778,52.47272151923095,101.00657181706646,31.354321801184955,34.3063160778985,22.200008996212144,1.4548365850790501,66.23446445833329,1010.7692726515182
1/16/2019,20.88949353503808,10.87717781419621,5.457338378542677,36.81978352709944,59.16165670630679,12.965929254548088,50.91494448437488,13.432338151515482,2.065443917308973,71.69935145833361,1004.9107604545517
1/15/2019,34.8750396761775,10.883948584453124,7.728140282407444,42.595099647394136,87.10966738343691,27.923901574016213,27.72537694270825,27.046469268939408,1.645651540677018,87.0293557934787,992.2698671212136
1/14/2019,51.84195797001258,10.864660035497836,11.377431435185223,46.41093257022507,91.49519872765313,29.413211175343722,21.19535832291675,22.711759320247662,1.0019336037160165,79.9778274318182,994.1938117940729
1/13/2019,18.51919131250006,10.869922439772724,5.478229939814821,17.643056600000055,29.094935759476108,7.017580257340493,50.15196364583325,13.53823842045461,1.5782132263998572,86.6975859999998,1001.1127803787872
1/12/2019,19.88888188526575,10.864811738257607,5.449252876268144,22.36187698227428,34.99259085967115,6.060280183333303,41.07049423369563,13.71104286594209,1.8982704203392453,90.6013474166662,1005.1763711742536
1/11/2019,17.723444263888943,10.868053971699135,7.585948177314778,32.849323641443874,52.875967914575874,11.64500875616119,49.538555373867624,21.08818417045421,2.0582000756422847,72.04910845833331,1004.7732034519137
1/10/2019,23.067413679951667,10.889579973932449,11.127293685185176,20.529968284335492,29.988115495426708,4.4312914318637535,61.184309707056876,15.740278155632517,2.9572114870059267,46.5094112916667,1000.4479499621153
1/9/2019,32.842617492753504,10.883424213636395,9.854764766203733,31.557126348535572,59.32928582356741,16.26919669457154,35.78188022179075,25.61524336863831,1.938017614244218,66.15559008333321,1005.8359579545482
1/8/2019,20.349979749698026,10.884385458333334,5.3706094731481775,21.683781607732893,37.52859605570339,8.57214603536402,44.88897407518125,11.959994539296638,1.7457533790169544,78.1131080000004,1009.2908612878781
1/7/2019,20.149312468599167,10.872761472513236,5.648369751952533,26.172680614421868,47.797782654365506,12.199123579916655,37.8641632567935,14.58585278787851,1.5423026714411818,80.83720929166641,1007.4418035984819
1/6/2019,15.89086414868796,10.87844928547425,5.536860870370322,25.12476220310633,43.093591100828384,8.79657449891934,39.10263925317037,13.132811393939427,1.45265673246047,86.3505314166669,1000.0175520454491
1/5/2019,18.15710650315658,10.874465873106091,5.462945737500045,24.611288008331996,53.6109382659877,14.394428947349722,35.643482659873,14.08085020454579,2.2327246945816817,86.50021216666639,1006.6522056818271
1/4/2019,16.592641132987413,10.870026038636244,5.784630465740755,25.644295923927,50.03509164690201,11.397375160091677,36.629316993885865,16.1346858836576,2.343533376021082,87.7255129166671,1005.4138501976311
1/3/2019,25.66029078819444,10.878411306060666,6.720671469907433,32.39198310399937,61.68963526987082,14.775927446530117,28.98738591236412,19.334392465908817,1.5266661303254845,87.606034333333,1001.8896745833455
1/2/2019,45.66687529166659,10.861492792424183,10.398274595329957,39.02414946924469,84.43299503129923,25.395024245861546,18.617161016077816,25.450751534091243,0.9603961075362263,75.7766190416671,1003.8249080681909
