Tarih,PM10,PM10Debi,SO2,NO2,NOX,NO,O3,HavaSicakligi,RuzgarHizi,BagilNem,HavaBasinc,HKI
1/1/2020,26.22717049909411,10.869743028030335,10.424480154991956,33.35570886602997,87.12610158652053,34.616069227285635,25.561607442708247,15.906835250780109,1.5695844002574326,91.57930769031309,1013.9235158469528,1.0
12/31/2019,19.34773530984736,10.87274128939394,9.464290318644792,27.590221636403516,77.16744567338549,30.35611417648035,30.736919882440624,15.577235479864399,2.04298886180223,93.33042987763191,1013.9239599816617,1.0
12/30/2019,21.309217090277727,10.86213595189391,9.746531324074077,29.55274633867495,79.81331590679454,30.35118758653867,21.68634693750013,14.347333688197766,2.3452780580143573,92.2654076776313,1011.4712897089253,1.0
12/29/2019,17.983113499999963,10.854746490530395,8.842539421296301,27.73256927841856,78.42200624578199,31.903103176373897,26.404492390625,11.808056695773544,1.3746333205472892,93.66266630263159,1011.7085544437828,1.0
12/28/2019,25.107150052083274,10.85125408598488,8.968796263888889,33.4079323745445,86.33181669567469,34.20064606987198,24.770681218750124,15.54851345075756,1.5630058830234104,88.0981895833329,1008.65009666667,1.0
12/27/2019,23.997270026620328,10.84916548181824,8.855132153174608,36.023690280048875,93.85217137867448,37.145072793785076,26.22295847395837,15.97584939393969,1.5372488338636303,85.3158002083337,1008.8083397727299,1.0
12/26/2019,19.165278598800477,10.847919083481548,8.844340820304199,28.059882454401695,78.87055013886871,31.380379998931087,25.870350796875247,16.42294886466937,1.7749317712809936,87.98605167803021,1002.02303831956,1.0
12/25/2019,23.24211527083328,10.851987992045334,9.250252253703675,32.322799890695464,85.38891258391303,32.72487422164947,18.41017970312504,18.0167138939393,1.7958376375000034,87.40075066666701,998.1486144318179,1.0
12/24/2019,25.02889702072366,10.846904764015212,10.291767466242113,41.37158218727762,108.64664465339949,41.539610177308504,20.18326142234832,21.627347072014274,1.53281993419099,87.64907439130471,990.1370155039527,1.0
12/23/2019,24.727290538194556,10.844310947348424,10.197044567592588,30.70767426848257,76.23336258646759,28.637641512635774,54.5756194895835,21.48942272727282,2.699176239015157,55.2401857083333,989.3281172727264,1.0
12/22/2019,46.05880871527784,10.843127411363637,11.157972593055586,34.778644747440254,99.82255829071312,38.658655975439814,47.69411930208311,30.938670454545544,1.9946436356060573,55.1273121249999,1000.8322887121208,1.0
12/21/2019,74.90278500846783,10.851138287155647,15.261649845652213,54.61014257456392,188.1258432592876,70.84394423605036,18.613625064785094,54.02641485963666,1.4088919972661391,69.82849510688409,1009.5798819548883,2.0
12/20/2019,79.93288427728258,10.833490050541153,22.83140344444449,60.34556986798131,196.67771254821682,86.70184138548937,13.822542932291686,55.11400996590939,1.0998573337121185,78.5582504527776,1017.684565810609,2.0
12/19/2019,70.89298347222218,10.820393960606026,20.248196587963143,55.929974555829155,189.33690160811176,73.96963548717956,16.029336942708333,50.25385818939394,1.1717919161363546,74.2105105416666,1023.330285189391,2.0
12/18/2019,69.05045769097276,10.827313996143221,19.82279653240729,53.81767844833677,180.378540419314,79.89797749798619,19.086788828125,51.36604228787885,1.4716802143939338,71.6411696666666,1021.4593362878819,2.0
12/17/2019,69.49718895833276,10.840024141666786,24.466827467129697,59.11116027767949,199.93632803619488,84.7921889111692,17.401326784564414,48.90258718412353,1.2331415939229282,70.7678634420291,1019.4740646031028,2.0
12/16/2019,52.59206368432967,10.85080217417658,11.485149339693976,51.60342741254856,166.31124408341023,75.55991880523514,16.924452717761927,38.12234835540185,1.08853367559588,80.69161383152179,1019.6344275246972,1.0
12/15/2019,31.89695211564009,10.846100907476911,9.268369768055623,40.99643962954698,122.88702954194622,52.47843627271509,21.71280600520838,30.450818578227633,1.2182554007575794,80.6950432916669,1007.8405129545456,1.0
12/14/2019,35.7509738368055,10.808889786742453,14.471544843518512,47.14137106056713,130.78920084991574,53.52766217865098,22.08473795833329,29.86429622727236,1.3718974055096382,72.54015562499998,994.1081748863727,1.0
12/13/2019,69.34433442389108,10.808607105386631,16.774145644781225,53.34791718731923,172.43551180426982,80.34923077849436,10.372348787364077,35.81828402262928,1.0397689669421517,88.4863127386365,994.4744275895273,2.0
12/12/2019,72.18767820667325,10.82877068650144,18.521940634259305,54.78515532660654,194.38790943455447,91.74298370496936,10.057832369791637,45.933686691863976,0.94895571649449,87.2401486666666,997.9171006439328,2.0
12/11/2019,50.45767283680541,10.847729730188318,14.554202262808676,45.0151075901241,114.36541114297634,42.608048702228324,15.495509925895488,28.38078481060636,1.1733486421113268,79.5843832083333,1003.5260505681856,1.0
12/10/2019,44.7743764370255,10.829957760194242,13.025688539814787,43.513858413410226,116.6089914023137,49.677012556535594,27.96835140625,28.672778678030337,1.2857292611989546,68.47929599999999,1005.021445286552,1.0
12/9/2019,53.61571796597249,10.829403842315989,13.079946547516766,45.132454218803,126.7159209190139,55.41113972961592,19.825709087862283,33.86671725410229,1.1091837418148829,83.62489351811561,1008.8672558394728,1.0
12/8/2019,44.172702437370674,10.84292475115627,13.501242359259331,40.70392058049495,115.247426959447,49.48465528864408,20.03110221354166,30.83458957164,1.3641506593017128,79.00696845833338,1009.6550934667354,1.0
12/7/2019,54.84002436458343,10.850042303030213,16.209975960165,45.59733777168783,140.1855290617331,62.99198146611745,19.12195523437508,35.784354569933036,1.2157096876613973,74.7175885,1012.196350075764,2.0
12/6/2019,40.21447282291667,10.846892809469695,21.548026778254666,41.22667150644408,111.58584616432793,48.06337829824571,21.46471672615125,31.850389552233143,1.1701266823032974,76.9960830416666,1020.3501131339636,1.0
12/5/2019,18.73605663328453,10.834942535646,7.5357368813882015,24.835267136268076,65.86893697335732,29.260565434154262,42.136656338541634,21.040947953283233,1.92831746401514,84.94818315277811,1023.1418032323093,1.0
12/4/2019,16.740996671153614,10.82568232121815,6.9688191746318795,20.752395294505106,42.077810766604244,21.708853484665784,47.01371271557976,17.650952910298802,2.484505230292044,91.8396977276573,1017.8537427431937,1.0
12/3/2019,38.585637485960156,10.807459172447333,13.255463070767155,32.13123475516049,82.36119041810645,39.87053016239365,23.94611731453788,32.667420662878826,1.525985941913708,81.16109910745631,1013.6103360725816,1.0
12/2/2019,30.358442322916666,10.807423798863514,9.166735311709168,30.021041849182378,69.01813513912043,32.77163494269412,33.649586455163,26.882867140151202,1.3497004815909026,78.7021391491229,1018.3518402771181,1.0
12/1/2019,20.82780633333325,10.811548178030245,6.545628363977034,17.615869910069637,42.28437191810572,22.627648685470568,43.0832333718295,20.612249780302697,2.2541731791666613,90.14597981578899,1013.5695356937937,1.0
11/30/2019,35.623403718750076,10.80587757121212,8.789952453703696,33.205455281801946,89.86091378192721,36.97053306235296,30.93796200452909,35.101177189394186,1.5788023399104718,77.47975406578941,1006.1437317165179,1.0
11/29/2019,25.806987961151307,10.821418262052374,7.599867293391989,30.47663198849823,71.34088010148041,29.846645249132,38.36003700914024,36.58113267861446,2.3058430623158426,75.18358570256922,1002.5070265856727,1.0
11/28/2019,36.897303476851796,10.825403300757547,8.796736297618999,33.13473337670011,79.56917239101314,30.242498932552852,19.21892159782609,30.260084251976448,1.254882220348671,83.62545886594201,1007.7378875329456,1.0
11/27/2019,26.992508199389807,10.83597349431818,5.5029104564883555,27.182763460956878,63.11389899049815,26.3957692549889,26.564899633152212,30.328243175230273,1.3874954333333236,94.37236874818859,1004.8822634069963,1.0
11/26/2019,35.569877222222225,10.846016699621213,7.929989484656012,39.92826987178098,77.61064810884629,26.89707723945105,28.2587928842845,29.31609587121227,1.2880393229248972,79.61555916666651,999.6145078030517,1.0
11/25/2019,58.6750441991793,10.850404816666545,14.581487910100934,45.43703335700211,105.61215429792459,46.00284895183454,19.83440471893529,37.82280501893909,1.212040639393943,81.39070659090909,1004.3699626283228,2.0
11/24/2019,40.901708381944474,10.834005619318061,10.608065211191587,33.295936755643844,67.67720055056071,26.523390201923107,28.4567509619565,31.10232354743082,1.0985479277448364,84.4469342608696,1010.6939616847827,1.0
11/23/2019,43.68175289085156,10.833874371590817,7.9467968125000095,36.19667532195197,76.51373612971383,29.89400319746382,26.656145447463757,32.41664306060627,1.4296868473814166,79.22846619202909,1010.6732772793273,1.0
11/22/2019,39.39800941319447,10.855430690083,6.545678154629632,24.604576761848048,57.299587015533135,23.43389021817164,35.80290261073375,28.786876259881183,1.858232137966616,80.4241146171498,1009.4378123237873,1.0
11/21/2019,55.66647809374998,10.864506832954516,15.277119492072694,41.73183576542635,85.55754205980669,34.840381159615376,25.787674630482464,28.38262762220009,1.2538259368542342,71.9239884094202,1009.8602666040792,2.0
11/20/2019,58.66690897023772,10.858043842262033,14.853442179440467,45.290717976532974,95.13232862727207,38.508916042308,23.517466994183863,28.764437708333183,1.19506760075758,74.4067014583333,1013.60732647727,2.0
11/19/2019,63.24355049092348,10.867029421212182,20.160463112592662,54.30514405099093,115.5324241252471,47.512972482509134,22.859787984446374,36.230707371705904,1.0552800017347417,75.4156900054347,1016.6129183250999,2.0
11/18/2019,61.96960352893512,10.88150912159094,14.320091981111114,53.780044026186026,129.85407997647886,53.63120754661232,18.05796868575975,35.927856902009275,1.0477553747278292,79.73509083876819,1013.281557605412,2.0
11/17/2019,52.76659495405597,10.849470942243082,12.592964246449347,37.042382142972066,58.48860953198565,23.097877692307744,33.049726263634504,26.034985049406814,1.3703360374311353,83.63075490760899,1012.6950249357608,1.0
11/16/2019,45.08319796296307,10.830617278282846,12.12790274629629,35.55888976632971,64.637609619028,27.370226958581625,35.304426345835616,30.03695235192873,1.4754160069196791,83.40311601515148,1015.4357971625303,1.0
11/15/2019,42.573429977053046,10.883512307197122,13.111808789734347,40.599000258417,80.41936280546328,33.66660461217956,27.229563416166247,31.96953625000009,1.2894681358452902,80.96671145833331,1010.8686202651402,1.0
11/14/2019,66.51139976736114,10.883524317803,15.341388904227044,55.123639878623344,153.04749931728722,61.232114784796046,19.184939597325574,40.44811156680408,1.3909319464513528,75.88840981818187,1003.0912877548143,2.0
11/13/2019,74.06799553124998,10.866573424116185,17.92156440501932,62.0298545679969,164.10482993267186,64.27194711826868,17.1506854231307,41.88399994180927,1.15518437700691,67.2023094251209,1005.9891476707389,2.0
11/12/2019,61.80087230208363,10.859029097727245,15.469573944142553,54.738483089823646,115.76071735156876,37.88508104147157,27.348435664175877,34.378579166667,1.1033800392985929,75.9277447500001,1010.5703798622554,2.0
11/11/2019,59.93664470486106,10.86005313977276,12.376673004166634,52.12864329895515,136.2428959757963,53.029354314743394,19.059849563632287,35.613943901515455,1.0328613664066282,76.3222712916667,1011.0076355681816,2.0
11/10/2019,54.712397767360976,10.825989412878725,14.34304865370374,46.42291819770038,104.73126598465116,34.798328365705274,30.61873454596913,34.330011060606,1.1681078886563008,69.11279095833339,1007.4124159469783,2.0
11/9/2019,54.51485726736123,10.854850879545396,15.451299161936355,49.19810679063569,110.10678997701292,37.15425375515585,30.53995806929337,34.50179568181836,1.1796996998058364,66.66588054166671,1009.7687967045546,2.0
11/8/2019,58.174376815972224,10.862109909848426,15.261435693981365,45.71071258269248,128.09369111132358,51.6638745637825,28.056959267004377,38.96635560606045,1.1893522981259927,66.36823541666669,1006.2482172176365,2.0
11/7/2019,59.01516069444447,10.869207997727273,15.132984441901446,45.15445095083027,129.07988846174499,52.185412920866746,24.004433359210328,42.09351631379619,1.115019632517752,74.12696148684209,1005.4373693349036,2.0
11/6/2019,47.95824226736122,10.835032970075787,13.303738175727489,45.72068662028222,127.09467086846978,51.262184119760406,25.06772737574125,37.62461204545427,1.2097338199639447,73.9466343750002,1005.6592984848517,1.0
11/5/2019,32.048155406249954,10.827448689393972,8.679582879629589,41.441955816873154,97.10059547730476,34.64270837253342,38.610978453125,29.323055151515174,1.54030650136694,66.184230125,1005.8776823863672,1.0
11/4/2019,39.24643696217106,10.819177287170708,12.745397965833288,44.51003375629124,122.83293659171413,48.072334825050966,30.466792703125037,34.273212563795816,1.2940555765506927,65.51431540570181,1007.0735477073399,1.0
11/3/2019,30.307611468749982,10.821240115151609,13.902012214633588,35.61923704737991,79.99750898174423,32.49211015540699,29.291048621562123,26.852761781949905,1.0039636140128092,75.7385004347826,1010.0720476419327,1.0
11/2/2019,19.35884752083339,10.861378897564908,5.5379971951511004,27.296312589817877,49.22928295889114,18.201701841304427,38.438343369202116,19.340349815989274,1.333365280043855,77.48885695394729,1014.325673195779,1.0
11/1/2019,14.816057684027832,10.880487425059789,4.02605481203703,20.210529996810234,33.731441324613556,12.192618947739591,43.4084656875,18.15416954924264,2.244176328409104,93.55407191666616,1010.9581185227246,1.0
10/31/2019,33.502963697916734,10.858778578409,5.670800037962923,32.702625649528564,55.222331729255856,19.078000934581173,31.508303589015128,22.829069975895184,1.2407520749311365,89.24223251515181,1010.9523384469666,1.0
10/30/2019,35.613581687499966,10.858144406455894,9.090714887500036,32.29155363178649,61.124995583134464,24.219295097435843,34.73011652793575,27.57281090909082,1.0687310330578483,87.0131838750001,1011.8156818066471,1.0
10/29/2019,29.47052084631639,10.858183876893909,6.2952565157407445,25.22900145093623,43.458401429047136,16.82237634320034,38.455875921648634,24.94785817148737,1.1854918030302972,87.1317254583333,1008.4602832196947,1.0
10/28/2019,31.707010274305663,10.86078267689394,7.091114139814745,29.865104806201487,54.632094075191546,21.55556161581032,35.60017880208337,25.259953143939644,1.2826117389752747,85.8153442083337,1007.5228684354379,1.0
10/27/2019,23.77054213647348,10.880375975263352,3.874797503703714,18.193179785270342,30.273439873825353,15.57750948526407,47.386096891571995,20.609701795125268,1.4125414784584962,79.75510591666661,1012.8145702250164,1.0
10/26/2019,29.463553924558138,10.858249071753306,2.9583426615740844,22.063230780629922,39.452073885451604,19.238298425266475,51.706081895154,23.56135083874464,1.6217610333874466,82.64088317857087,1014.620966005506,1.0
10/25/2019,35.43474548764822,10.856078833669805,5.067316675462923,28.79888048461546,45.37839032237106,17.544430950641047,48.04589291417575,23.982325227272725,1.5511694041666635,82.1527142916663,1011.4205855303062,1.0
10/24/2019,30.364575122735552,10.843771232575726,4.621553397202112,26.37222617671411,36.1700673226032,14.041434537820551,53.988820817708365,23.23487916666664,1.6521713657114596,79.46581579166661,1012.3928533333392,1.0
10/23/2019,24.90345318644313,10.845476821969726,3.884122249999964,17.726401812412387,22.99087870840931,10.59473164459707,67.57856369791675,20.64254148715418,1.893441590892615,79.94869454166691,1014.8085538175244,1.0
10/22/2019,24.766243225694307,10.849829731818119,3.5413067569444965,20.677220659559612,27.563407944119266,11.504429224313188,58.136331348958386,21.761324242424088,1.7156998556818157,84.9406752499997,1015.0782696212093,1.0
10/21/2019,38.83737718181815,10.842671018870456,5.581449310185156,24.393296698142592,39.076329924968384,16.53744988740846,51.04738592436575,26.03805211038955,1.6086018497294363,85.4420727261907,1015.5482062130701,1.0
10/20/2019,44.49959573611115,10.842033029924245,8.733197098148112,25.76350199191753,33.87315319816075,12.405838372644926,53.45471224954701,21.882981401515174,1.2858612708333306,86.337926875,1014.5080557575636,1.0
10/19/2019,49.03991252777772,10.845169726515094,11.794649238425924,31.085921764911173,44.67894945530536,16.195897237179505,44.78800934895849,23.55501079545455,1.279492888899862,86.25542608333299,1012.0948154545337,1.0
10/18/2019,52.87805219821856,10.864666205286502,10.6597165055556,36.07688647664,52.62033802793672,17.966210699915653,37.302328879659996,25.037405406698635,1.0041229082627516,87.34013283333309,1011.2853282575663,1.0
10/17/2019,46.988539288798314,10.852217409090882,7.321532888888855,35.79787733011069,43.254456009172145,15.149406379502366,44.96821504166663,25.656619022038544,1.1314426901515118,85.80970687500042,1010.4456335029556,1.0
10/16/2019,52.47624278819456,10.838588649621244,7.9106413884258995,35.764099087025954,42.088614637123904,14.552336512500062,46.91066517187512,25.566091174242363,1.1789887713768143,85.65425816666661,1009.9735764822044,1.0
10/15/2019,43.89372747569447,10.822335559848542,9.992427874536967,33.8090339531909,42.93666661435021,13.684550591171304,48.5413050677085,22.76932655303027,1.2055468192028902,86.531309708333,1012.0620757196974,1.0
10/14/2019,36.86387634465589,10.834976432196939,9.971209372222221,34.52345090420426,52.2454234839596,18.92339288945617,42.284791256875884,26.565140113636275,1.31049354983531,87.31693437499969,1014.9312396590936,1.0
10/13/2019,30.1857665335145,10.844768411363605,10.597439284259256,24.524499684796535,39.0440883864442,16.746218366313233,46.160582221117494,23.46164753443537,1.4139306614669538,85.1798871704547,1016.6446716769934,1.0
10/12/2019,20.589027673611227,10.878776161742428,4.2322045925925895,18.4040752575668,26.187222914895944,12.712902090840736,61.36826846022726,20.908069621212178,2.0544695469696967,80.69511375000042,1018.6498911478883,1.0
10/11/2019,34.933660989734136,10.868268175757636,7.973705128581934,30.169526678584965,61.32359476755867,29.54770510970745,40.046043486269,33.03836174894864,1.4533491244617285,85.78920020992851,1014.3351660510001,1.0
10/10/2019,27.8623401903958,10.866297746360273,11.454618301851776,26.834906805279378,60.138535010050106,27.79887852243597,41.84033766335225,29.783968717532808,1.7284065078463229,83.7606547321426,1011.7678905357147,1.0
10/9/2019,16.61100577430558,10.868845668560695,9.333957038426043,21.383804031061796,36.13384085646602,16.51932268116408,39.54158542789187,22.716918371212092,1.5686220344697004,83.9442434999999,1016.5219922348517,1.0
10/8/2019,13.960618768267029,10.875856744318092,3.7580994995370776,18.26219381279514,29.547900571070198,14.131497533257342,43.698590204613,20.207490833333363,1.9483687696969691,93.831092708333,1010.2152226893782,1.0
10/7/2019,18.612862860164114,10.872630806653484,5.8298786805556215,18.76648219726866,34.31150167795451,17.008869655811164,45.003492923363,24.177106401515275,1.755534028030303,78.10118820833291,1004.6792831439308,1.0
10/6/2019,13.325101742690082,10.865868200938827,4.713798924933902,15.621395265222422,26.7299541994001,13.625478302243662,47.146765766571754,19.931083522727274,1.7117159318526072,83.89855041666681,1002.525962651512,1.0
10/5/2019,20.189556895320166,10.860048300378788,6.655152747340188,18.312547936355266,30.25519887606036,14.381210110160739,43.42199180210099,21.830483563900085,1.9796925933959209,86.00310413043479,999.3771856291272,1.0
10/4/2019,47.92035486956513,10.85217850347797,18.76406158022485,41.093852805064564,70.49245994969327,26.31079495558217,49.243552159293614,36.078319604978454,1.4444721276515182,65.8586024107143,1001.3520679545427,1.0
10/3/2019,43.43637535835064,10.857536208592132,14.231722226389,41.51390053359679,70.57659856878948,26.08239547691037,49.21959832596037,33.96240481779245,1.1904181276679844,72.7839867137682,1000.7845325296364,1.0
10/2/2019,37.785138434027814,10.860626205337436,10.356458880092578,28.255449253957725,43.08465978232994,16.411755541666675,57.04549065081512,28.225177386363548,1.4498439943181816,79.92228991666691,1002.4860578787793,1.0
10/1/2019,38.80726998011372,10.850938070505398,13.49925078460148,33.122312813143054,55.041180267080456,21.287215598855287,55.55928969554913,32.143840995179,1.4409362365837146,71.57603461363631,1004.2756607403608,1.0
9/30/2019,30.671426485735324,10.845470924316123,12.912741412325563,35.86690663261457,59.370569842721174,22.71496644414337,47.06338489583339,34.889989342286725,1.574584239393939,72.1075302500003,1004.3274399242453,1.0
9/29/2019,24.211303567029034,10.846411549308181,9.77411366960551,24.711121529332708,38.24202448118722,15.606904721056356,46.67558811956525,25.58005616391182,1.6372315174931131,77.44991900378821,1008.6467448451872,1.0
9/28/2019,23.641748429045805,10.846190868198214,7.7572342952496625,20.373296510288736,40.118274648029825,19.26970563544192,45.3325696998105,27.73289219696927,1.83747302310456,79.71158724999971,1011.7753229304301,1.0
9/27/2019,31.53886344880948,10.840824321266183,7.171817077194077,27.617748777592023,49.09003652215692,15.136228000686845,50.518974308936365,28.743554356060272,1.6397463425757544,81.7815273333337,1006.3829331439481,1.0
9/26/2019,30.16440782611248,10.855422470389408,7.523470757626711,28.611082399104024,50.79224047721792,15.547421331349186,47.77613519451986,27.730134173553637,1.3483102946179235,82.11645977777769,1004.3536478708127,1.0
9/25/2019,32.11231057638881,10.853706601731544,6.338913092394145,27.38309812110808,43.0272077183068,11.235396506788552,51.43855638451088,27.574432186147,1.2970121919618218,84.55828838257581,1001.6262370626728,1.0
9/24/2019,34.86439849999998,10.849588947348485,14.6685111611112,34.24653334350623,53.98484372812155,15.244281771199635,50.59547428125001,29.47524984848491,1.2861959743130027,74.47885095833382,1003.4283871969693,1.0
9/23/2019,24.811127642210163,10.84878997878788,8.36058564074081,31.207434933193998,58.167849996133135,14.978504801662323,49.70858324252713,28.34612401795164,1.1324904361067172,76.90906809601479,1008.5037274796408,1.0
9/22/2019,16.72372602083345,10.852882846212122,6.348491961574077,19.441362806396306,37.992635674231636,9.333340831762687,53.75833536979161,20.656879890151455,1.6078080696969688,71.24380204166691,1014.6809160124028,1.0
9/21/2019,14.161854387832225,10.857690812121275,4.288439544276141,18.30647210678786,34.23130519261705,7.725370211351191,58.6155399867425,19.55391163372864,1.8428253725760693,78.11917501581009,1016.0843895372363,1.0
9/20/2019,18.045452062948836,10.849630324291693,4.173335668256877,20.308149094842715,37.978958159516225,8.887499393576181,54.280686763393,23.589836554407725,1.819416180130848,90.5144671249997,1008.3222625909116,1.0
9/19/2019,38.360715299201225,10.845904049489393,6.507978839311633,25.72670503397863,45.58612997445492,11.637619046170812,67.50036340365612,29.053014973649365,2.341347160938436,73.04420975543479,1007.9331173221417,1.0
9/18/2019,45.86461390972222,10.85806064621215,15.198198279020467,50.3685806817167,84.13393144274525,19.830995713827928,66.63981809624049,36.39607810606019,1.3905784787190043,60.7788745416663,1005.5072982954608,1.0
9/17/2019,32.54178664583348,10.87034583219697,9.684143592129669,37.05314537235231,54.765423636565934,14.973119324879313,58.8528370914855,31.346016969696816,1.2887111683195551,75.349493791667,1006.960231515161,1.0
9/16/2019,24.848390356884078,10.869925999827824,5.437542877596644,25.09978873453164,34.970229931020015,9.483742358839717,55.929370718523636,25.66065409090909,1.291368384159791,80.358823375,1010.7783438257635,1.0
9/15/2019,27.65124505102664,10.852232653030304,3.496133309742377,22.91375206132945,29.18523677840816,7.117563399558753,64.030420374547,23.398385721343907,1.873465247796152,82.17036454166619,1014.7615730171274,1.0
9/14/2019,27.12554252324875,10.854270017045483,3.7539343956723448,24.941600108890814,32.82691802729323,8.286019631582176,69.54953943787062,24.929985151515268,2.1755299469397484,74.3557405833336,1012.7262633239062,1.0
9/13/2019,25.94448337167864,10.844201479385973,4.137219770833355,21.16620841517851,24.14856437424099,4.831420371890436,62.65680027219189,24.865907630853826,2.225903692011027,75.45880515909099,1011.6291832541318,1.0
9/12/2019,22.90634508907014,10.848178168181848,5.213246448611144,21.968487450696717,26.97557039492761,5.9156125566238975,58.52246017663038,26.137042310606088,1.7248913624700632,80.372113041667,1011.6043249917656,1.0
9/11/2019,22.680440650691644,10.85329465571618,6.733927505850213,16.82267544417505,22.477900109014033,4.328421352869355,72.57034631803188,25.792591828512364,2.0914892862603365,76.95732952272701,1008.5432536432364,1.0
9/10/2019,25.582295234079908,10.85863985037876,5.099495257870367,20.458621019885694,29.820456815794877,6.96282578707268,64.49604431136775,27.887358674242364,1.7398392474173543,78.7492055833333,1005.4440528409093,1.0
9/9/2019,21.19311031379,10.857157023863603,5.5767843652778115,20.078583677745268,27.679402307486995,6.1067708790737365,65.24358602400375,26.844142121211917,1.5955317749206452,75.29651383333331,1006.7770971212126,1.0
9/8/2019,24.147753614766163,10.83603163247612,3.241050218055556,15.682847780749125,20.86041299938631,3.767715625995243,74.10592333913762,24.309954294077183,1.9750265905302995,75.78795493181859,1007.7213515909183,1.0
9/7/2019,21.84671387681165,10.8201845,4.578745739814766,21.474201704696213,30.191647775854047,6.979303996367499,68.97856645695414,28.02043155138373,1.6901219571176271,74.84369210869559,1007.9884026515157,1.0
9/6/2019,19.629059246527664,10.828126048715355,2.5599356282828336,13.979674204807642,17.17689569233301,2.9231371149737666,76.87995720335162,23.630011351808637,2.310614066106718,75.34455638718721,1006.6567228527472,1.0
9/5/2019,27.620095392361087,10.838137951136485,3.3346219851851786,19.253657859615384,26.797929337653198,5.6765362556623975,75.1267795960145,26.912216060606,2.0189782205234,78.563584541667,1004.1012773484973,1.0
9/4/2019,28.24367305902783,10.854431883884358,2.9878036898148106,17.397158090976102,21.874123529061464,4.061162181623933,80.11948971240949,26.159912537878732,2.0459000402203817,75.30371574999958,1003.9224752272689,1.0
9/3/2019,27.16264319360336,10.845467831168818,3.3174205004629664,16.951892234043978,21.204334088464037,3.9421271915598566,77.023248334692,25.834532954545363,2.096332075826445,74.68849775000031,1004.0527597002726,1.0
9/2/2019,27.599769817783702,10.847820162424332,2.9036438744967885,17.056403730685638,21.65530567337557,4.0399546530982615,72.872451726902,26.038155037878642,1.8409070091597908,78.06772254166691,1004.2240741288035,1.0
9/1/2019,27.539867599939445,10.842987600378757,3.700923249074089,16.779621771348925,21.812828571526307,4.137885270493371,64.50972771218301,25.063833428853822,1.5779746712645275,78.2577516105068,1003.2466992852444,1.0
8/31/2019,22.82059313888875,10.824172189015183,3.4332245055555557,15.447167137095953,20.15197554274477,3.9182541239316455,63.07810035711039,24.280373295454453,1.703881512190082,75.94470041666662,1006.7527333333272,1.0
8/30/2019,26.355615871527828,10.821759050378816,2.83701982083334,17.112595246460458,22.700915852806112,4.703544257264972,68.569987838768,26.10431545454545,1.7087446917355336,78.7175840000003,1008.7876026449127,1.0
8/29/2019,25.2507857225241,10.827974530681761,3.273886940740756,16.02319999766778,20.496280313306233,3.981751922008544,79.06157524909412,25.757881080368914,1.9601403651709728,77.7170916739129,1008.5824664064515,1.0
8/28/2019,23.872587814089197,10.831113848094613,3.033254067382118,11.694594958025467,15.056624399944305,2.64106781249073,78.71656602777789,25.52803511363636,2.4037966280991734,77.57657974999988,1009.3322829166764,1.0
8/27/2019,26.186214078653393,10.832338877399023,2.8852602374158263,12.894767106800408,16.182086252508274,2.7632361732208897,74.89782896127713,26.269113446969644,2.123574965869213,79.34113287499949,1008.8589439394,1.0
8/26/2019,30.553519586309555,10.852176471717325,2.8544997142676696,13.953993436134406,18.055279471850586,3.3578501778056187,71.80750992595101,27.12231431818164,1.9498762443181756,80.98687266666708,1008.1093927272854,1.0
8/25/2019,32.29751773263897,10.847431444444474,2.9176549176493256,13.860737912435384,18.300789781075853,3.3351212322649317,66.69699209239124,26.438666969696907,1.565221671212121,81.11697583333361,1008.141302840909,1.0
8/24/2019,38.165853328914146,10.837272438979051,3.1335945471380584,18.688249659573536,26.117978725334464,5.695945656944431,64.36173334611749,27.83562125000009,1.4586517630270055,83.69019158712119,1009.6214140564799,1.0
8/23/2019,38.09140807670469,10.841288414141443,3.66989584317267,20.405016164367282,28.257888111064617,6.068729837239889,57.24814579393124,27.54603011363637,1.6180588309808634,84.98085349999958,1009.4799082196963,1.0
8/22/2019,34.525582290337354,10.852002072976727,3.9048321408808575,24.920982358751363,34.40153813754177,7.157313021275952,63.37814654587201,28.87627341850163,1.9849392909090868,86.4181981242239,1008.1431423630679,1.0
8/21/2019,23.754373908984018,10.819454975383243,2.8717333762443147,31.571281065417185,46.54484229970648,10.619158711149934,42.02299098856511,29.10962171503345,1.330610457405952,91.0902039844588,1008.8968411088063,1.0
8/20/2019,19.051983040784517,10.834117232231279,3.065639308122903,18.955004155389144,24.502895184047798,5.709137345447358,60.94317366746964,25.840580684620086,1.5072644695605208,79.24632398757728,1010.333420167978,1.0
8/19/2019,18.22088989494129,10.811799758884266,3.1845990921296368,18.840920216081408,28.531955403112683,8.556304007905949,57.498528485863,27.461838174242363,1.7955125842286483,77.9205575000001,1009.197697462122,1.0
8/18/2019,17.120236260101077,10.796694209848456,4.525900860648148,22.07778424616766,26.089475270484968,4.760383800213697,57.436354036458255,23.19734405303027,1.3710336163567465,85.5170527916663,1007.3715880303056,1.0
8/17/2019,16.997851998537975,10.814060904665123,2.958430106642512,20.28238148095024,24.881801434375426,5.0996609623639975,53.36941171543563,24.150932121212183,1.6219392128787873,88.94495570833332,1004.8433619697,1.0
8/16/2019,19.92937906944448,10.811898025000062,2.7329043914021174,17.60769070292131,20.240180132259106,3.855854652401497,54.411025140398614,25.468055645586187,1.4703229560331528,88.4977362445655,1003.0817585194327,1.0
8/15/2019,26.427142298611216,10.808247527651485,3.6792532268518583,21.722673397798186,27.795951684782533,5.843542999572646,48.062871005208386,28.352108598484808,1.3528696541666698,85.08689870833331,999.1977804924397,1.0
8/14/2019,25.987223874999966,10.834421645454517,4.454963127525259,15.990336073324043,19.312629905041693,3.1835073852869247,85.43938916666688,26.519687310606088,1.3831395737554146,76.4789719583336,999.5861776894028,1.0
8/13/2019,21.255333194444393,10.847720620833273,4.3160835421296815,11.853388421404677,14.520827702041734,2.557156262964523,84.49636260416662,24.533267234848463,1.7381802756597002,73.41494779166649,1002.3936203787883,1.0
8/12/2019,20.87236443055548,10.851523635606029,3.649405736574104,11.79524798345481,14.346483864164677,2.372579222358907,86.18172515625014,24.852642840909187,2.2458497140151428,71.3852457916669,1006.1211047348544,1.0
8/11/2019,18.370172468750056,10.859743098863637,3.0050890092592586,11.164406197394099,14.970525856715286,3.1015104313731228,77.8725828125,25.288159772727276,2.279754598484836,75.22135649999959,1007.7625545075788,1.0
8/10/2019,21.384950835899726,10.848409727651484,3.062247307407417,14.158153897262745,18.92478459793207,4.01997805484651,76.24969771875001,26.17931977272728,1.9152445409090757,75.26708812500041,1006.1216840991426,1.0
8/9/2019,22.10560610957797,10.840898651849182,3.8102474309460472,16.150631869802233,21.40476846042361,4.407271945837946,71.13583216983727,27.356333272727277,1.840752064772721,74.72232811666689,1003.9843785191072,1.0
8/8/2019,22.23907410416672,10.833798001515119,4.781627292652937,21.036403636454867,27.291759284699026,5.898774322329,68.99150828125,28.807657121212177,1.5498626977272791,72.0274647916664,1005.8264001515117,1.0
8/7/2019,20.19602655208339,10.840791281439333,3.8727196254629472,17.257807957091124,22.512093166264386,4.853063900233599,69.14245438541676,26.088561536796732,2.066993417803027,66.2602620000004,1008.336820871212,1.0
8/6/2019,20.531099067783973,10.856518571591003,3.1283686314814805,16.839721261635987,22.209882169549,5.087637188535833,69.300841875,25.965993257575725,1.9628543378787882,67.4022821249999,1007.2207945783954,1.0
8/5/2019,18.834433895037282,10.862408036363576,2.6691680944444585,16.40377100140881,21.696594102887527,5.0061739410936035,64.14151035714275,26.13157999999991,1.809924052272721,69.90784749999999,1005.6037832196907,1.0
8/4/2019,23.35544876001464,10.870859300728078,3.6699864305555594,18.64318917011571,23.30938843337689,5.100998336459115,73.37292601685425,26.454029512987,1.9607508041666728,72.42441764285691,999.9021297781456,1.0
8/3/2019,20.634957851970807,10.870689160984757,7.093872002777706,28.742353944147094,34.204416104096865,6.5602461041434585,68.43195434692026,29.655755477602096,1.325076738153558,72.20594407789889,998.4525298089608,1.0
8/2/2019,28.025824881313138,10.873610892473726,3.1011574305555585,21.908467111719517,24.765143337142252,4.888521442173007,66.38296083627725,27.695307014462728,1.4878223933638317,78.22845224621238,1002.9016128615754,1.0
8/1/2019,26.923516102204218,10.87527386780297,3.6420808664653808,16.40545155552735,22.525512154070018,4.977855686431568,72.70720941714025,28.33884040019764,1.6989505874341182,73.38626273369559,1001.4884493758271,1.0
7/31/2019,23.161050688657394,10.877338809307306,3.8013315597222483,16.46989864548495,19.47779813258307,4.257424893650108,65.236373156703,28.023898616600718,1.5373520895785688,74.511443835145,1000.2705131077182,1.0
7/30/2019,27.759661483997558,10.874277948188453,3.8106659833333216,19.403422895719913,23.42327849453625,4.638530270195719,66.38280062452661,27.73222918995873,1.3127349092061908,78.7236917210148,997.0990385754374,1.0
7/29/2019,29.51388737167864,10.864870600675141,6.5958726671297025,21.260707304055213,26.18681013732649,5.214885642967289,72.50130802083338,29.384885553030358,1.44429229177488,76.3348818333337,995.7694206439518,1.0
7/28/2019,24.300895150966138,10.85347871590918,4.584785347685184,15.76403230185343,19.67736162124946,3.3762485216323204,73.63401306770838,26.01174185606073,1.483434119949488,76.38878695833299,998.4152996591,1.0
7/27/2019,23.65408415277789,10.857880076136274,4.6422313916666855,19.18939737760592,26.182464026907212,5.241801460916023,64.99818466666676,27.406304204545545,1.920963442424239,75.274745791667,999.286503636369,1.0
7/26/2019,23.95422538613806,10.865474367045424,4.814777401388897,21.05205108060189,27.54052007302473,5.8676434957544235,62.73600678600538,27.33974079545445,1.7950742609848571,73.93799554166709,1004.9035473863727,1.0
7/25/2019,21.734143930555724,10.85901576011909,4.8675804587963025,25.18712800564385,37.92194101845363,7.698053622677407,59.86013297023813,26.801093522727275,1.3837871393939336,76.96806062499998,1008.3336413636329,1.0
7/24/2019,20.26081865866553,10.852014353030212,3.0124925509259373,21.921323525125494,32.67087985741223,5.57158021274157,66.86058823958325,25.532536824769544,1.4041818255854,83.34842275,1004.277265871212,1.0
7/23/2019,29.716671791889144,10.851373700358911,3.6293018622016917,19.19779630082227,31.225936721502887,4.949873023251858,74.1387743412825,26.361150144692267,1.5528931632646426,77.3931882471536,1005.9645529488972,1.0
7/22/2019,27.08589496074889,10.873112411742456,3.721185505015711,19.84408704232179,31.734324387314388,5.0879183287951,73.15675024682963,26.438347152503184,1.7627289713438792,74.68578614855048,1009.327889484518,1.0
7/21/2019,27.813149818085734,10.877153330681935,2.738410925359447,17.964520759398845,27.90961400222289,3.651079631021667,78.97259689285711,24.892040771349823,1.9015141318864155,74.18925460119019,1010.5981509956636,1.0
7/20/2019,26.43161420380431,10.872674513257575,3.11635286050724,19.11677677564769,31.46402909501068,5.298129503082404,75.90295550520838,26.23249034090909,2.00413080023057,77.83139416666691,1008.7418641287753,1.0
7/19/2019,22.49655887635873,10.86710046780315,3.3887302176621272,18.377409705173992,35.809515318911885,8.490371975810458,67.32370579450762,26.984174420289822,2.02683762096507,75.80350993297102,1007.1480011281365,1.0
7/18/2019,21.466685504677727,10.863173127164423,3.038506815136864,23.432417759560884,46.06976898143986,11.890465561311315,57.79199663716349,28.389024899885644,1.3363008957076494,83.35985808056792,1001.8404401426793,1.0
7/17/2019,18.844745871527888,10.865800409090939,3.667055057729464,25.302360016366386,44.964810791868665,9.524712462218336,58.760770776041745,25.725840198274643,1.5300154283492922,88.49030372368459,998.7935158771936,1.0
7/16/2019,19.65373284039344,10.867328369657182,4.024564729025808,17.3095416163103,38.47815176282058,8.561439304368319,59.70982828603,26.86378064593291,1.6650243523506645,77.77513822368421,1000.8865027332644,1.0
7/15/2019,18.90246930987864,10.853471610433939,4.212378630372567,21.989642612809227,38.008990122579625,6.364448396313023,61.69699658475388,24.02822050429945,1.90579522607656,86.44490809687291,999.3241397853027,1.0
7/14/2019,22.79544960212183,10.849147734056485,3.8913885962396115,23.85278545340019,39.66970001792516,5.6001379633382,55.07770194474637,24.45367112847564,1.0339556959358664,78.7597627653508,998.0750022029483,1.0
7/13/2019,21.78705259375,10.843861725378758,5.5350626477431,20.224192088029557,40.07283681293643,7.6765764521507,65.44450425656726,26.29023913078155,1.3930046934513909,70.4501695986845,1003.5018961802118,1.0
7/12/2019,20.605019331055164,10.851486166907787,5.065878321806211,23.882248521074047,45.3560546533641,9.694556855140512,50.745614988904,26.840904055023817,1.1530136350592393,79.9572695570174,1003.294781369612,1.0
7/11/2019,16.818205638888937,10.850171653030305,2.7140095460712206,20.805424973104873,38.00006663790882,6.97072833875042,60.03926813813399,25.91233697169055,1.2892846014553436,90.08177143201752,998.7577084908328,1.0
7/10/2019,26.03350971148983,10.832407159008696,3.7677708370773,19.582008200125514,31.72085556749849,5.065616880662414,74.3156562749095,28.311931276350546,1.4388855153491482,78.4874957536234,1000.394879776022,1.0
7/9/2019,27.654294933712077,10.825202168813153,6.476882871155316,24.68113156157237,43.32543414793003,13.135354395212474,91.113610317029,29.009636515151637,1.5241094511363764,68.5941757916671,1004.02480886364,1.0
7/8/2019,32.053993263888835,10.83874041401515,10.61812171590161,30.244723560162587,45.44930092865047,10.611654531084742,81.36415509737311,31.44405996212072,1.5627390924242428,64.34364649999999,1000.5132664015117,1.0
7/7/2019,27.749269097675253,10.859158770514885,7.239537579604013,17.444382389395876,24.369264310618785,4.446503926256191,81.0547098007245,26.771979893892365,1.7465282483366298,66.52313951449311,1002.4542211083699,1.0
7/6/2019,34.8489670243055,10.870229697853516,5.978171319283412,25.36346717899943,37.15629883396323,8.005699953888,79.96949077445652,28.797779166666636,1.4565565478788,74.07968950000041,1003.7363459090816,1.0
7/5/2019,24.33067149430448,10.855462945108757,4.453338011252045,15.444085122951494,22.762227650282718,4.084536348188428,84.30323707848088,25.81017059737709,1.850297392493112,73.02501020454552,1007.0075165943484,1.0
7/4/2019,25.21461534420283,10.861287390963122,4.427539218104282,15.999536298117052,23.81558126114466,3.838617751583132,72.31973711324852,26.02582680735918,2.073851305303036,72.7689658095241,1007.6152512337579,1.0
7/3/2019,27.95647792708333,10.851293917045483,8.486632528240714,19.434715204556824,29.139576316750286,6.335120079487128,67.94410633627724,28.00510375,1.5436341564393912,73.56246024999999,1004.1866746590973,1.0
7/2/2019,22.82281087847227,10.865888475378695,8.086867104587514,19.210225431340533,28.700419667464715,6.35814961187296,68.00626767300712,26.180742992424268,1.6277170659090936,69.47614012499969,1006.4260701893908,1.0
7/1/2019,21.702941286001447,10.864201311423383,3.1607997433479147,18.610508694568907,29.877791321252232,7.485699537500008,63.95401183695639,27.635714621212,1.883903954132221,67.226031791667,1010.8939746590843,1.0
6/30/2019,20.793427864583254,10.851300598699007,6.325659406790078,17.482609301098922,25.744953159559568,5.3832259602564285,63.82236949479176,25.07187920454545,1.5198741745454598,67.0014307083338,1011.1312173105908,1.0
6/29/2019,20.95356612333936,10.851047312499938,3.270258835232144,10.698672839627124,15.479958332636562,2.6251144086538485,75.75409676403976,24.052066931818274,2.2085487890151296,70.27714154166661,1005.5943074242398,1.0
6/28/2019,33.460766538194534,10.86135242878791,9.871120169008385,25.045644437207336,35.78549556340585,7.049286177243571,80.20145827083311,29.252703204875,1.606807883116877,72.2277338749997,1001.8307653507907,1.0
6/27/2019,29.052998638452312,10.861284605813598,4.99154075497218,11.61383585979656,16.825009549152053,2.615304032696921,87.50769077367373,26.659250037173003,2.2642475414031606,71.2087614384055,1007.5768680154973,1.0
6/26/2019,28.732953410778915,10.885099313257694,2.341538452251987,11.954901160841686,18.094237576226355,3.193303252884641,69.60941217187515,26.81877246212118,2.135152086742421,77.543432375,1009.910654486918,1.0
6/25/2019,28.19792562333933,10.88584830871215,3.6527178209809867,13.797352667179775,20.406407892001077,4.123922316404453,77.42520090625013,27.72098480072464,1.827363335375488,75.2049448061594,1007.4596664196338,1.0
6/24/2019,31.023460565972172,10.871336536050668,5.0929300668343656,17.373397311021463,32.13197553666173,6.411966861771566,73.79979925,31.71085980716236,1.6982815047041546,67.182458484848,1006.2614887157092,1.0
6/23/2019,35.37817220561583,10.874422758761392,7.340700137124224,18.976931238877672,27.464394248618607,5.530938805295415,71.65632842187487,28.20348636019282,1.2559468933146454,74.64455660984841,1006.0987980372,1.0
6/22/2019,41.63283859118341,10.880919946887273,5.0033322761943095,29.999445878576736,42.450811918034944,9.10539443575806,67.93217188020837,29.869511511707913,1.1965560764531644,82.54262348484879,1004.1778257084744,1.0
6/21/2019,46.118863430921,10.884263561248353,6.638909325065299,35.40743638066561,57.316960340224135,17.92917768351161,39.3164391875,32.46715416322291,0.8601676572314036,88.7949618181814,1004.1351781590528,1.0
6/20/2019,36.039376658848184,10.87146145537142,14.0307811146016,40.25528392922517,61.01500419218035,15.842986037834466,45.54797855548,32.083141648001536,0.7760318665513891,89.8505346745172,1002.2106897073974,1.0
6/19/2019,32.936613578418175,10.858328117972428,11.601073654005566,32.280184164347624,46.5343926169516,14.278469629079087,46.97350869270813,30.83182257231364,1.1177688920454576,90.3947617916667,1002.6525148270692,1.0
6/18/2019,35.11727580782009,10.856551778409033,4.120129223875645,27.21912551667316,33.83579848627987,9.806196508596953,55.04693971874988,28.331781494490272,1.1409996111570238,87.81175604166687,1002.233180378779,1.0
6/17/2019,34.78083849652775,10.857793770075727,5.3073098437830994,21.892660793882637,28.96422508222588,9.712624231716848,64.05948254687489,29.169558333333267,1.5713123128623212,80.0233069166666,1000.1874590909216,1.0
6/16/2019,35.578474662563245,10.862796503934625,5.124402444166655,23.330445804234614,28.251099866930304,8.524768423996695,60.98926236979136,27.10528534533637,1.503590791421979,85.40689872023822,1000.270529076638,1.0
6/15/2019,35.17217264488639,10.868564094614547,5.3317776327441395,20.140783421985947,31.69606791465605,7.337535970339617,58.501527267992365,27.94765086274227,1.1795763753011572,84.13014398369532,1001.7835778656153,1.0
6/14/2019,33.584943256944364,10.86877422651512,5.875224335058912,19.889767710019537,31.31024023648272,7.119447025641049,67.37621938020837,27.23683867424245,1.5496835780844092,79.9043214583333,1004.8560842803126,1.0
6/13/2019,45.10844055704366,10.878995990874667,6.871256635058867,26.835844790299703,44.90371143727122,11.735372408799615,65.3320020088315,30.053206659779995,1.8161259065151507,83.1183244356064,1003.8560711535756,1.0
6/12/2019,30.74427320486116,10.88038352720691,6.131779187764557,31.228838891332263,46.4296144914612,10.054406032051324,48.75062735937499,28.35565255764145,1.2541482009787244,87.2604921358695,1001.7730529825328,1.0
6/11/2019,24.969393245471,10.857854334986284,5.841737557421768,21.76387249364923,31.516988455672895,6.444219386984393,62.03075901041676,27.338251501976277,1.2324464886528272,82.55281609057928,1000.4450387285848,1.0
6/10/2019,23.56703735356275,10.852218024621274,4.8030861064814765,11.29726036626261,16.184603266861853,3.1685421624126096,69.55706822916662,24.42987803030309,1.8250103768939423,80.74107016666659,1003.1821617226673,1.0
6/9/2019,25.715441784269252,10.846660817424214,4.474303042089389,12.047938827229705,16.623497410395828,3.2174474076048662,74.344060625,24.34906772562573,1.90677894071147,76.47158907246363,1006.7345477799582,1.0
6/8/2019,24.715136517361113,10.826022596969755,4.827969702314843,14.241323195847233,20.29079786315505,3.980781123630565,69.98718066349637,25.92680575757582,1.58047392424243,73.69370649999999,1008.1926915151456,1.0
6/7/2019,25.639347545138836,10.82488293737382,4.328713367129618,15.36426376584443,23.95011039847477,5.880442829380316,64.723813125,25.91451893939409,1.49362115647926,74.8925879166667,1007.4347936776926,1.0
6/6/2019,26.075390000000034,10.827825008964608,8.482376886728352,16.066918025278767,23.51264330142149,4.875361159508518,66.30067479166661,25.31931030303045,1.411980233636358,75.00763287499959,1005.5649035589707,1.0
6/5/2019,29.422754173611,10.852115143055546,8.18441560432099,17.145721962472127,23.7908999136009,4.4063162292124805,65.16265568749989,24.329850378788,1.3303754677272872,76.54853308333361,1004.04416625,1.0
6/4/2019,29.393398575657915,10.852079072119057,7.807159986292299,16.665956338475443,22.798085401337968,4.046023795695941,69.66036063541664,24.58635433333345,1.4291215572510725,76.29306867500031,1003.7500032121236,1.0
6/3/2019,42.26311266897226,10.850058030544119,7.693748596940411,19.081593218404016,27.90038743734161,6.060033830235042,63.4895034293155,26.29499314558627,1.4277308153491517,79.31972365942039,1004.4209120727002,1.0
6/2/2019,28.36182002053142,10.840760567424274,4.401406446128503,14.367443995633634,19.06481590133769,3.26307940170943,60.174275726901996,23.259074242424273,1.285299822348478,84.8653968749999,1004.0020977272752,1.0
6/1/2019,34.134425126157424,10.826463224621275,4.6990509997182,15.59756350820328,21.341930967391406,3.614681578739335,87.7464302430555,25.38477969696973,1.599378332954548,77.2986543750002,1004.2847809321506,1.0
5/31/2019,43.44527520153993,10.828933204545422,8.820866026905524,32.34300616815774,48.687455200808145,11.178160153306381,79.66137391666713,31.35138958333373,1.4653386268939246,66.42379437499959,1006.2467678096208,1.0
5/30/2019,41.077204906266594,10.831758409973563,12.588465951543288,33.11573187423358,44.55365950752536,7.7925628758097325,74.21672410416639,31.04498125,1.7663898154040358,63.668170611111314,1007.1471207828247,1.0
5/29/2019,53.28688111494893,10.830712296929818,13.026279950617244,36.37644902523671,48.56055846966475,8.13635974258793,84.96014977901861,33.96697594696936,1.8074236010100908,63.50734431944429,1003.0271997256627,1.0
5/28/2019,43.738761373943255,10.824291772710847,8.500449628395055,32.99033954967949,46.03304871645961,8.799234076495726,68.74715783570089,32.21821393939383,1.3239630642278064,68.36070161111101,1003.41936998737,1.0
5/27/2019,30.711285173007283,10.828243300000059,4.776110141622566,22.389794178901862,32.07449561013345,6.390921733682957,70.89053188467274,28.486920416666997,1.6344629550691727,70.0041488333332,1007.2353978194948,1.0
5/26/2019,33.61488811805559,10.834619560227363,8.507636763741244,24.6119607057553,37.838495500975526,8.580065671265354,68.60822417708275,26.07435806818173,1.3670411778787843,72.34339287500009,1007.6937693082907,1.0
5/25/2019,29.848946347222252,10.84758396060612,7.834470878086388,23.54811629508336,32.529772625063465,5.66936917257187,62.32338171875001,25.01898984848491,1.660302441302006,78.209072708333,1002.9914390805592,1.0
5/24/2019,28.569025380787085,10.8447587885917,5.436325156881156,19.63038909044908,42.1204657172393,5.0150576304310075,69.05443853940213,24.727234280163817,1.7447151146932365,78.09052144616061,998.9914649889225,1.0
5/23/2019,27.97740709722225,10.835702937878787,6.4373261539701785,28.03044040183928,50.1040587238524,8.927028780706785,61.9658118304925,29.78674824380181,1.195457985227279,62.86408483333331,1002.4912227651607,1.0
5/22/2019,43.0436485264191,10.823853635227122,12.258176641250676,31.640265663093174,43.68204694620977,9.492179113095176,65.09236629778087,31.436464211133003,1.3547158987060106,60.5529788750002,1005.0533699684728,1.0
5/21/2019,59.605257773248674,10.836571396108878,16.92874234615609,46.373845632927896,63.97722769634897,16.960547328088555,66.64198212812511,35.544244356061,1.4322591911796472,60.377323125,1003.7337575691763,2.0
5/20/2019,55.504580936443006,10.841053329442275,15.221919173176346,47.163273044690676,62.60577135117031,16.292922190914208,56.714734501420494,35.539643863636094,1.2546308358333365,61.972711083333394,1001.4693729545419,2.0
5/19/2019,44.365569387832004,10.853547019214906,11.115497819767187,33.284819899944246,47.70929066109265,14.004177801341793,67.15145243229225,28.244155909091,1.558425243181806,70.4229044583333,1001.4090389311627,1.0
5/18/2019,42.36748075935966,10.852779976790636,7.883066604629666,38.106987989534545,53.50756870004844,14.76181594168336,42.48977594479175,26.72404594697,1.2884761752066027,86.1130963750001,998.5219516090193,1.0
5/17/2019,38.30421305113633,10.835614309056444,6.831475210915311,33.063391577380926,49.45941905303042,12.66579866150092,44.42498466699614,25.294673298898,1.5836079579515392,82.92489891666659,998.0345293934973,1.0
5/16/2019,42.02718275252525,10.854534911570273,8.66169754687631,32.71443357072181,48.835685277174186,12.593712431391936,59.18585074085987,29.748448651515364,1.7329051075098845,71.061998725,1000.04087015448,1.0
5/15/2019,60.37177783040134,10.858736533745363,17.728987526449345,46.68634698134567,62.32937667904562,14.84337061011456,47.65201882604175,31.147293754711914,1.6068353089828011,76.12543723086131,1001.20465722086,2.0
5/14/2019,36.74379416964275,10.849884164339773,14.582947461488244,21.484503852940353,30.049672173719745,5.550697855126238,62.26168063541661,22.906144772727274,1.767381868181804,79.65224937499991,1005.8165643939366,1.0
5/13/2019,26.653951245580746,10.850113380612939,8.185860584113044,17.585675899902494,25.73189192837605,5.955802458367069,67.77009990104162,23.42194352272718,2.056458911363634,71.2142209583333,1008.1794172727301,1.0
5/12/2019,27.529837034722167,10.85323197217634,8.314593289366655,21.628748931535622,33.669145402156246,9.48478331025646,60.70489486011886,23.582820946969644,1.4665209046717147,71.31011262500002,1009.4093615909185,1.0
5/11/2019,27.289441048611174,10.877898802651485,6.9661731222222665,31.65647437221308,51.547857810841926,12.365324012959926,51.258471927083384,23.425906893939274,1.2319716528708111,84.3117885416663,1004.9913893939363,1.0
5/10/2019,35.124954387982996,10.875754899884717,8.723652061868645,43.03670595730653,72.36143941887859,16.826479447133725,37.29924420040762,25.587710992822817,1.0032246638556628,79.76581274999998,1000.6435463175172,1.0
5/9/2019,26.231368412247487,10.882562057575727,10.522853184155391,27.54092618870646,46.52261465657342,9.869644973741897,44.53690210824286,22.76662926298736,1.079624247294363,71.86167714285709,1004.5156552110402,1.0
5/8/2019,20.336507468749975,10.849336268560544,4.947768761284934,22.916819500418075,33.19111283628904,6.401735198592531,47.43021161458324,17.628873257575727,1.3326012189393974,85.4176553333333,1005.3727345454456,1.0
5/7/2019,37.428016563405905,10.842627640349024,7.05059657885739,25.656912855351127,33.59933745775397,5.434052877090282,68.41562628645839,21.889732878787907,2.1926784662878815,68.51821379166671,997.6246076745655,1.0
5/6/2019,46.89083745138893,10.851991540151484,7.8961928405723665,26.453544316332174,42.596280212198074,9.389396159002203,58.010835000000135,26.635674204545637,1.6701352415151545,66.30303062499999,996.2664803030307,1.0
5/5/2019,36.46385544444433,10.848619322151007,7.343236338720589,29.450082961538516,37.08723367168333,6.442391159959722,55.763687797780754,23.85384571969682,1.3772582763528054,70.4682730833334,999.9762109331873,1.0
5/4/2019,44.06298449936867,10.853783930613027,11.787301809876634,37.90136450780387,55.38085460781298,10.29719313493592,59.283312079030374,27.873145037878643,1.4671191956709937,56.523341333333406,1002.0073752025728,1.0
5/3/2019,31.156480414603447,10.870357840530273,9.454193284413554,34.80528681238503,54.30427408765315,12.158444202304938,58.26011001909738,28.03456209650864,1.3197691831709928,68.18454241666659,1003.1112250872853,1.0
5/2/2019,27.102280356581996,10.876392520454576,10.2674865387471,29.710416956315488,40.554908552934386,6.4619413204730005,67.32481876110687,22.23177845191036,2.013498191254936,70.40838838224639,999.9697304010974,1.0
5/1/2019,41.170280478411925,10.874027669318117,11.387909275154335,34.02973512876254,50.85414326477122,9.96527366025635,54.46215072743075,27.522887045454546,1.873193065530309,62.5083848749999,999.411719848488,1.0
4/30/2019,66.76723796296335,10.872005427817571,12.875147192082698,39.40919823258077,61.896008142976676,14.389547112179429,53.05336572743013,31.60422939393973,1.5657967429293045,58.4276851666667,1000.3821828787873,2.0
4/29/2019,70.37148366410825,10.883278895474577,13.61737274586689,37.41650575696777,57.447185628337095,13.020850091973221,49.14987089930563,29.79209128787918,1.2219027702020264,65.2541044583332,1002.4279355121864,2.0
4/28/2019,63.215634099702406,10.865621681182988,18.06310441820982,44.05451650529547,70.04370069122602,14.327978769230725,45.32207369618062,28.743123219696997,1.3108785823232298,66.0933630833334,1002.7627307954483,2.0
4/27/2019,42.72624134722216,10.861689200378821,12.539386648168268,42.93179733221878,62.986069214743225,14.741280562383395,41.30737524199887,23.04922176893909,1.2432181376262472,70.1997864166667,1007.0007527174057,1.0
4/26/2019,44.35211422569449,10.86553385129867,8.020043364170734,36.01548306821325,56.96774594328293,11.855698930740065,44.641733393640365,23.785995681818186,1.2817952637759047,71.58032970833341,1012.1782344697003,1.0
4/25/2019,49.26967540624975,10.867416618151811,8.412916152356932,38.477615061535616,57.22385075562515,12.108739666725235,52.763806747062866,26.54325456422936,1.4057577575124844,63.91482659347829,1016.1873553670821,1.0
4/24/2019,39.23559581597217,10.88128553378096,7.383622866931244,36.82754860507228,51.64771218977347,10.109746723443287,53.382714628321246,25.109442833333002,1.4360193033761528,63.417298749999894,1018.6429505484207,1.0
4/23/2019,31.280472704861175,10.866226810296144,4.8226773400765195,27.93855997980995,39.4409057933513,8.652876905319614,60.34339355208351,19.18643468939391,1.6862448304183166,61.722083124999905,1017.8290032345152,1.0
4/22/2019,25.275644398399645,10.860192236742547,4.152879402230645,24.39672377428729,38.06674620892125,9.121171528914727,61.961586663573,19.42550427651487,1.6344767450558246,66.40616754166649,1015.126336740761,1.0
4/21/2019,19.244595138888837,10.866850199173676,3.8746364254629664,18.44294350163043,26.34063726098372,4.819111356247032,72.87899390625037,14.357175219696964,2.0697775496212087,70.2732762916666,1015.6637464097521,1.0
4/20/2019,24.95661,10.870220114278538,3.2508921555555554,22.768686214060867,34.956004205875566,7.522106993036344,64.81226652455399,15.934756034090908,1.6916750064394095,78.8899255,1015.5813515909117,1.0
4/19/2019,17.572857490187275,10.870092019202929,2.625319535158343,16.5940059446007,25.25644865626595,5.132031356222953,71.58701973958338,14.959684835144945,1.879511403030282,77.2131865416668,1014.5266038899756,1.0
4/18/2019,27.205703506944502,10.862308765909123,3.2647262496913547,30.091844680309357,45.414509926886204,10.777179351327844,51.2703330823865,22.88973500757605,1.1633288016633778,83.9725822083337,1012.5211315415027,1.0
4/17/2019,33.508357684027835,10.85549102449492,5.9555582580247215,34.35537443745821,49.88699881219798,11.049130553651096,55.99739334801137,22.743857874999748,1.190987550378782,69.00526708333331,1008.8869599242543,1.0
4/16/2019,21.43451929513889,10.849047527272697,2.7447021126543207,17.266742220649753,25.455606773457852,5.30591004202141,61.54814802083351,15.788938257575767,1.6707191174242546,78.53312395833319,1008.7457597348572,1.0
4/15/2019,13.848683135416724,10.852646764772816,2.4317741450617323,14.730068199554104,23.49008033965062,5.9607396228847636,40.64879989583337,15.531097064393945,2.0237240170454642,89.22446187499969,1006.2935249242393,1.0
4/14/2019,24.202178892361164,10.85233741212124,3.989108718518522,23.52748156910539,32.37387989246571,6.791150984722193,49.43430306249986,19.045537113636428,1.5334374465744307,91.2559969166666,1001.3050755500689,1.0
4/13/2019,30.422443163194327,10.846418659848515,7.228900119444433,35.783011151477105,65.99461957362533,21.918083945512844,38.33480496557975,29.878622909091245,1.4627969070592344,84.84441470833337,1004.3867224242456,1.0
4/12/2019,33.86183807638874,10.835027476136334,6.068812935648157,37.47771114841139,81.71093425130117,30.389279669871648,38.02180351562488,33.41386944976918,1.3864294411561144,80.9632842083333,1003.9356849242364,1.0
4/11/2019,27.860641107638923,10.8362716433884,4.862792281481443,38.02975321042369,67.85923669221505,20.6058209400781,33.83847477083329,26.166517348485176,1.1113472708333312,92.2004445416668,1000.0076236742481,1.0
4/10/2019,27.63599526871975,10.824761395823616,5.586719271014477,36.109256230769226,60.73753917316163,18.037696346014517,30.51842317187475,23.597570143939446,1.062968638504607,90.9958140652175,995.6920183135643,1.0
4/9/2019,28.554673669535077,10.80346278831658,5.8863928429894115,34.08468541513369,53.403457796353216,13.667272972686765,48.760750604166496,22.12585648106027,1.4151527744400498,81.5898618333334,992.2012002651508,1.0
4/8/2019,39.871181559006175,10.825434401648481,6.341081716524734,35.45764211487857,67.05259361356599,21.316439858805715,38.771442293311374,27.89385515332673,1.272978136652228,83.14751586111132,997.1808088592528,1.0
4/7/2019,56.878056277174,10.851518332227434,9.21784337175918,37.7628480092949,58.9892154593016,14.965375534936,37.984825302083365,20.95102456818182,1.1089033425865773,82.8533950000002,1000.3839489015244,2.0
4/6/2019,52.07467104166667,10.854295694357962,5.745152894444465,29.3071465511009,44.60865533625238,9.643880814715763,51.78054515624986,18.65331225000003,1.6725650363636335,81.4736079583334,1002.266622007579,1.0
4/5/2019,44.831577777777746,10.851798884469822,6.874055249033889,32.04763505358154,51.08624555238982,12.686795836538524,52.57128625,22.03123650000024,1.4168806210924954,78.06741299999999,1006.2128418939392,1.0
4/4/2019,33.176087281250076,10.834596887608228,3.3660187861111,17.636222899414772,29.02400786161481,5.777053371070245,71.5822632291665,14.204092931818293,1.7858106712121091,77.8897617083333,1007.8852318560608,1.0
4/3/2019,40.56757951388892,10.822806021376723,3.1344159740740776,16.630961216536193,27.333040541266733,5.488656484823131,74.26736005208325,13.451400719697027,1.9696597560606,77.44709958333344,1010.0285282575787,1.0
4/2/2019,46.00566594444433,10.82157639388534,4.992932548289044,30.374115982302214,55.112490040684214,14.193612816151102,53.066861947916635,20.403647651515463,1.7952796020685091,81.1444789166668,1008.3830836907144,1.0
4/1/2019,28.32373377777766,10.819923247830546,4.631290563425923,26.92470581584454,39.71208638212498,6.766573451128777,67.60235218749986,15.227291254476606,1.2723423685606121,77.5545797083334,1003.9825014393944,1.0
3/31/2019,22.875499227808003,10.833242815266829,3.938322319444445,12.894144696669493,19.9401981563038,4.272879871959604,84.29250807291577,12.047758254776001,3.1032531734848545,70.86816037499989,1005.5718645998089,1.0
3/30/2019,28.45692787500009,10.843327562285873,3.3790009143518436,15.861888191842668,22.67998305811945,4.662128202189167,75.10098583333364,11.006758545454538,3.5219650606060453,63.82787666666659,1011.4831046590782,1.0
3/29/2019,23.017148159722172,10.836400070619328,2.817343119598754,13.732813285374231,19.82051748143705,3.272738153643429,71.1425375,10.700958136363617,3.670467098484845,60.4984579166666,1015.9848232575844,1.0
3/28/2019,31.381309112840412,10.830737022857463,2.765607335129069,16.355927554053245,24.194375088160008,5.183135194963313,64.69182137152775,14.539573166125564,2.912686667586581,68.4471897142856,1018.3151285984936,1.0
3/27/2019,28.863489128472327,10.814401364558599,4.327365295987666,21.048607757302047,31.835617985038546,6.5346980282051845,57.31381853645826,16.714483560606062,1.7466590037878815,76.08393604166659,1011.9318594713492,1.0
3/26/2019,52.02110189930517,10.821347063801054,10.837657396913466,42.234344043617675,61.62172483174962,16.513512500640978,46.04577215104161,24.791783682311983,1.770462958333333,62.93754756702909,1002.2501070882764,1.0
3/25/2019,40.110720347222156,10.816161742210117,6.276151233333329,40.02456649639077,56.523643143204616,12.035063631410283,46.72363632631338,20.4911991470685,1.2353623603305754,67.3290118333333,1006.6914458712182,1.0
3/24/2019,26.61738244444441,10.831053986528268,3.2214673518518477,19.23245767955818,28.46826323740753,5.317761811909577,62.85637600520812,13.911781094038187,1.8900448189393908,61.90285849999981,1013.519557007588,1.0
3/23/2019,39.18738489930549,10.816378761907178,5.185645615034119,32.421509883806976,46.775694009146356,10.179636686217993,53.47122632812501,19.726950636363338,1.6811478612012865,61.3943685416667,1015.481543181818,1.0
3/22/2019,27.587082864583422,10.81993140016454,2.6941654999579,18.25423553242754,26.774944853767675,4.674920191569127,64.66652638541662,14.358297814393973,1.878545610606064,66.49669449999989,1021.4759356702909,1.0
3/21/2019,24.055712072916588,10.824863381579004,2.783829532870375,15.841388655295415,22.794547882474397,3.9234922833333754,65.95868619791675,13.960331882575787,2.3322719662878817,76.1816280416667,1021.7382704924181,1.0
3/20/2019,45.14978308680559,10.802229919318302,5.300865756944451,31.25978668979927,55.03079461704439,14.878356233653824,45.43536853399114,22.850459886363936,1.8781973042424185,79.9736837916667,1013.6072718643,1.0
3/19/2019,74.46036829861194,10.802082991666666,14.920310533897002,58.58906572231886,100.74160481742254,33.78439057831664,36.705144935116245,35.24043690316173,1.2749217556422854,68.42437598913031,1007.8896578884345,2.0
3/18/2019,60.44890642613641,10.806148213774163,12.760410543181743,57.05883480490555,96.65139123202357,32.05147809615384,34.618454942135,35.367079034090914,1.2528092268544126,61.7026757083332,1007.8206472727272,2.0
3/17/2019,35.698187291666656,10.820971508679213,14.167541328703669,31.495598011566358,44.883757333054724,8.667663691987256,59.965970892045505,19.76221937500009,1.9387163436978452,58.1349506666665,1007.8117870899274,1.0
3/16/2019,38.12434246527759,10.832608051482184,8.750187344867099,33.78986853782043,55.16403392516772,13.942136769230833,48.47315356550576,21.036354871212467,1.6892838561978394,70.21380866666661,1003.828270492428,1.0
3/15/2019,34.304770514190835,10.842653129545424,5.4843358981481565,29.550899692766208,42.8880824714452,8.016834779312338,40.167467375000136,16.064442931818245,1.1321900157938027,80.5666149166667,999.3592691287907,1.0
3/14/2019,25.20554903592986,10.855210748932477,6.4602037379629875,20.937790649679588,31.772900720994592,6.6255251823718515,53.87163427083311,15.036246935606089,1.6103881820816726,79.0118419166663,1003.6624428409093,1.0
3/13/2019,14.561761963013305,10.847959339433904,5.343669478804312,15.62723009157415,22.69299184112393,3.6715751024551646,60.487231843297,11.829920753787912,2.7854881623847088,87.46429583333301,1004.7939064772787,1.0
3/12/2019,65.64434064804293,10.84148736250006,11.403304538747927,51.916185960981025,101.27931301296545,34.06352323425297,28.158627213541628,34.68120671212155,1.6622827638201183,72.62357816666659,999.6397635984937,2.0
3/11/2019,57.726911589015245,10.836163712998315,13.892207051389,56.77524891541232,103.8399838490857,32.69005915448749,43.59178246875,39.952793693181896,1.6447867228392636,54.566108083333305,1003.4954224242427,2.0
3/10/2019,52.467856773043,10.848013499675323,13.552469092592554,45.534153953874,78.5698962235283,21.339599525641056,39.352633223958385,27.775651723484543,1.9093589366960184,67.29672366666651,1010.0033039393907,1.0
3/9/2019,69.89768353819476,10.85770476660674,20.860303486574107,66.5882105897435,127.31606946277262,40.96859490705166,33.18503765625,41.75738820075736,1.5909503327635128,55.6708909583333,1012.8715381818207,2.0
3/8/2019,62.10198896527792,10.856868515470586,14.306656395370288,68.99786521153901,122.97113762280624,41.65344590621503,34.53409375312487,37.51112422117927,1.1629671474703518,52.1185564252306,1014.0605605338336,2.0
3/7/2019,42.45140634228158,10.846087871995095,9.073484084920667,56.81317815342864,94.33282208301488,27.393740244007894,34.795709729166624,29.025619706522,1.1509335508344445,65.12090980357131,1016.1105030086572,1.0
3/6/2019,85.85031691878025,10.816240131884026,16.287235504629635,72.99681566438596,142.54559583021506,48.40277706823221,21.05354193229166,40.61909567457215,1.077217432568691,70.7727343333334,1009.38749886364,2.0
3/5/2019,67.83621585144925,10.818530625275452,17.60770301388881,61.11441704487209,114.8781249136404,35.24605551602564,34.02657231250012,33.92465609848461,1.6889491327635056,58.42079449999999,1005.4228438241084,2.0
3/4/2019,36.18968538352283,10.852479474242484,9.082574499537033,45.95061027940379,72.32857565926068,16.968628278525692,46.683198034226244,20.352574074959854,1.3620523420564292,66.04084762500011,1008.3343904924153,1.0
3/3/2019,23.569290288194328,10.881300504924123,4.640937856627653,30.141056881563802,38.75116882676375,5.0076577446387205,63.41497416666661,11.109730223484846,2.3067385385210817,70.98699,1008.4166253409128,1.0
3/2/2019,58.363789917762844,10.875370001515211,14.623920393518635,49.525130681159574,94.21979226879299,26.329630741453013,34.38562256672025,29.17626146212121,1.908013941172591,73.208237,1000.128733534259,2.0
3/1/2019,37.73075428125016,10.877351142391277,19.05719330555552,47.227578845359595,73.81439778452172,17.22012335075249,55.49836259953476,21.94401827651518,2.965627339873891,53.72709862500001,999.6467471212236,1.0
2/28/2019,23.073343902777747,10.869558599604714,8.240112672685255,41.66169670653572,65.14941476577177,14.674663147435961,44.195455744791644,15.279426731060314,2.1080640241271364,74.6720263522723,1005.648469948352,1.0
2/27/2019,23.18587810416667,10.843310620075755,5.5544507908730445,35.32411854340856,54.99175924789712,12.715310250696776,50.160708807291755,15.403804905303076,1.7007538788792005,83.109834916667,1004.3087609848545,1.0
2/26/2019,27.23293771527775,10.854509965289315,6.771208722222299,33.21128059077359,49.263393962860405,9.864725020134008,53.574931770833366,14.341271340909081,1.6080981559453276,73.88576104166631,1009.5866539394,1.0
2/25/2019,21.895082923611113,10.876853254545452,5.184830042592632,32.55743307519381,47.83149180851759,9.294311494172494,38.83222265625,11.434419731060656,2.095887624127146,86.60666045833321,1018.5348071969728,1.0
2/24/2019,14.23204550347233,10.863153148863606,3.660374241666696,31.779876022197843,47.74408393356831,9.791697070816847,47.19345661458337,11.233713818181881,2.0471149366271297,87.49462249999998,1020.6144315151544,1.0
2/23/2019,32.490577514657424,10.855644980846536,6.8318045533729785,22.715310653385078,34.126440184181305,6.923368593210981,49.50330363068201,14.240814950757608,2.6457346791776457,85.2748646666667,1013.2277025000026,1.0
2/22/2019,75.37378498037434,10.862207281331258,11.176619954629665,46.18773640831853,71.53535092662868,16.90673173455717,34.64365936505688,19.780118356060942,1.5113158755734266,80.2993253333333,1009.9220692045544,2.0
2/21/2019,83.88114747916599,10.851853313109265,13.878947551529922,56.94345006347793,118.0506569728669,40.142550684440906,27.94417134926013,34.65346424621246,1.6529997522607418,79.0557587500001,1013.298078255921,2.0
2/20/2019,87.5398631431162,10.862071660227185,15.432209515476144,57.185963443016824,114.56737947230823,42.958435676864426,20.216468217013787,31.074309098484875,1.26489156438196,80.09998287499991,1010.8668975905756,2.0
2/19/2019,73.7616799064015,10.839153000131724,9.867743453703746,51.891684392710886,96.62454002002336,30.056557224941912,31.383676868055623,30.528942507575778,1.2508803281560679,75.13888754166659,1014.8775609848427,2.0
2/18/2019,70.91739218750034,10.842278822348574,11.013810317129591,55.57520545583785,107.25868722186985,35.116969273018576,21.245233722222245,32.81499866666639,1.1286446730922757,77.0920155000003,1015.7666155681883,2.0
2/17/2019,34.026546600694516,10.84577947115803,5.841478847110599,34.14028346833198,47.58871536829117,8.209824051956339,46.65099706249988,14.460666440082672,1.1551048876257557,70.33470220833331,1018.1836250344456,1.0
2/16/2019,27.75606991666667,10.86380036553033,4.536833722222223,29.093307431576534,39.64585707612686,6.401787428787885,57.47647781249999,12.547129750000064,2.046692737763497,73.2400089166664,1018.0602125955428,1.0
2/15/2019,23.662961149305634,10.865360212022429,4.995565731481489,33.15971628627275,46.03102095777783,7.894104811480157,48.79561444270824,13.003662568181827,2.1820842870059334,77.18347520833302,1012.8604854924392,1.0
2/14/2019,19.449185072916613,10.843198725757636,4.251994527777779,27.523485495929823,39.00968164202823,7.0059306029603485,55.23865817708339,13.293675958333367,2.665804154808961,80.0851873333337,1015.2597279924272,1.0
2/13/2019,20.357421560290362,10.834093231274677,4.844158724867733,21.917932293560614,32.632852457104306,6.446498824760563,35.20759281770837,13.991385564393926,2.371726513521073,89.96015700000031,1012.0333745833364,1.0
2/12/2019,55.141941341334416,10.826798907443917,15.328210828703707,36.530821933819865,80.4445770432395,28.002816816636273,35.542904028409,29.63194610606036,2.358655382905127,66.88468999999989,1003.3281049588237,2.0
2/11/2019,69.74803495138883,10.832301241057372,19.984197986111113,41.627829249962076,106.9424341745363,43.62953585680861,19.04436497632588,35.813540454545496,1.355712009912619,76.83812241666669,1007.9449051136363,2.0
2/10/2019,33.86675580208325,10.849910342424273,7.555698227314856,25.448112897617108,45.76139692112622,12.737199006089758,34.84673281249987,15.606907981060676,1.2375002523089482,82.0379294999999,1013.4684808712153,1.0
2/9/2019,23.52566577430553,10.83304985051653,4.1040217925926,19.309124323104765,29.482383250334312,5.920813833528412,37.4847966145835,13.368432643939384,1.7347584790513724,87.8105598333332,1011.8509687878818,1.0
2/8/2019,27.411984003472142,10.799867591288027,5.1329780879629645,26.25302067916656,43.10734559462079,10.353359778846206,20.31586088111413,15.84239237878788,1.4020197160210754,89.07724154166641,1008.8568647727307,1.0
2/7/2019,23.46125987847225,10.825110076136452,4.799651945370333,23.56758691613709,42.33659684398421,11.470648939423127,31.020169796875123,16.737410299242757,1.8685233601119815,88.896774583333,1009.2435350757636,1.0
2/6/2019,36.741684798611175,10.84828478409091,5.906981759259233,25.52687004797939,43.27094406953738,10.224267639451,36.587100802083505,17.52826753787881,1.7868885676877275,88.31142441666641,1007.7609220075783,1.0
2/5/2019,67.66934247312835,10.837966087878787,12.876032756313064,48.56104923858716,102.81205145553284,33.60824406038177,22.290734406249967,34.90006484469728,1.3239318533102729,73.2351615416667,1011.2308836742401,2.0
2/4/2019,68.17505335597825,10.83629120378794,17.62520928240752,57.723441186036816,143.29056966222808,56.890078614548386,20.1332764322915,48.30872812534399,1.0211188557453346,61.512161625,1011.9013709090857,2.0
2/3/2019,71.36429812364133,10.847570916666667,16.426437695652183,53.977300885729974,128.74590471250156,47.930021786789204,20.444664655145086,43.31500010227273,1.0447224347496755,61.528417333333394,1010.9786824621243,2.0
2/2/2019,63.088803363636096,10.862029554166632,12.677482775673475,55.04799786245796,121.70002458718236,42.574825340217146,22.912455899305623,39.04682603130021,1.0098319984253945,66.43034125877189,1010.3559767803027,2.0
2/1/2019,38.542273774305436,10.853437125823332,10.676328804755856,33.32193422416377,61.78075930335887,17.414826133280588,50.70235771732962,21.752984723484573,2.7782252105994725,71.1032218750001,1003.9052767424307,1.0
1/31/2019,31.24758359722232,10.852510919318245,8.7389559083333,33.851317502647674,52.34387618254034,10.238160315778616,51.37800284374988,20.838328087121184,1.7830337851119908,53.4490790416665,995.78799079546,1.0
1/30/2019,30.62059383680553,10.858749567802878,6.2804947184581215,30.350257831886267,46.22800058206646,8.4156856424309,57.46343829166675,21.056179412878727,2.253073913899858,46.25039987499991,996.3566213257582,1.0
1/29/2019,51.04898133333333,10.869534660606062,12.237981877777713,44.716724719283285,88.81601501978874,32.880571812667256,36.28838486458337,29.473104998737554,1.6178906030412998,58.629709847222315,1000.5583673358583,1.0
1/28/2019,55.85875554513885,10.866149596590882,10.381320414435788,38.80351635600836,85.55620140498853,31.349398222477607,20.214756410714365,24.486490856060325,1.0482634695816941,80.69943379166659,1000.0959242424336,2.0
1/27/2019,39.33107718749975,10.870525694191912,4.365354958333345,28.56184617554561,46.069639481048014,9.956697479250254,27.327484989583247,13.560725534090945,1.6389814835968366,86.6072453333336,998.4748255303027,1.0
1/26/2019,59.33247545138892,10.86552540423254,8.204027004629557,33.475377537725336,53.280395041927875,11.778280570492965,48.35165796059774,20.933445662878878,1.8374930871212192,52.42860829166669,994.04239049243,2.0
1/25/2019,41.92190765972226,10.879014328524404,10.144823004166813,43.00767229696188,79.71940210614906,22.45592180713498,35.00904284692025,27.227333234848185,1.6582523597331964,61.365978208333395,997.4849688636391,1.0
1/24/2019,38.36750095287686,10.88776732586574,8.77421077314819,35.6545130273636,63.38745215638149,16.643337869970992,42.162165693355384,24.55730850757555,2.1423991631422905,54.46039987499999,992.4109467803028,1.0
1/23/2019,47.95120999305559,10.883919418115942,10.994176203703732,55.08887340384595,120.67751033292849,42.592745089409135,17.205797315503403,33.42869193181846,1.3533362127290745,73.58474587500011,1001.7019192572457,1.0
1/22/2019,24.941304496527664,10.881432371590787,5.806735182870322,24.579942314520608,40.847593939280145,9.207069150320557,33.54725560416649,15.594094962121215,1.8543957172400969,83.21355816666632,1011.2835916666754,1.0
1/21/2019,52.87435480208325,10.86873228181818,10.57377312129619,49.04512817433113,114.35447979640492,42.24159033835031,19.839002353147745,35.02096597348489,1.443317976350465,75.9101562916666,1009.0801875757608,1.0
1/20/2019,52.53159956597217,10.870625741287935,13.715075511111078,45.07103258096458,88.94201010395744,27.12059752680222,17.5981024021545,28.057934242424285,0.9757457481357062,72.23111137500003,1010.60218901681,1.0
1/19/2019,56.56515081652008,10.875152907456119,15.286740033333256,57.03969798565362,122.19255494315284,42.1698752497611,22.799487354195165,40.140164733453354,1.0816087121853526,65.7725299614035,1011.1914529883118,2.0
1/18/2019,59.84222331944417,10.868995208119237,18.262873753927888,59.1678650951781,144.70601629193837,55.69839673285928,22.76090919119312,41.38532739393943,1.159746767308957,68.64838957500001,1010.3904145151547,2.0
1/17/2019,43.63643922569458,10.874167838257543,12.498485141203778,52.47272151923096,101.00657181706646,31.354321801184955,34.3063160778985,22.200008996212144,1.45483658507905,66.23446445833329,1010.7692726515182,1.0
1/16/2019,20.889493535038078,10.87717781419621,5.457338378542677,36.81978352709944,59.16165670630679,12.965929254548087,50.914944484374885,13.43233815151548,2.065443917308973,71.69935145833361,1004.9107604545517,1.0
1/15/2019,34.8750396761775,10.883948584453123,7.728140282407444,42.595099647394136,87.10966738343691,27.92390157401621,27.725376942708248,27.046469268939408,1.6456515406770182,87.0293557934787,992.2698671212137,1.0
1/14/2019,51.84195797001258,10.864660035497836,11.377431435185224,46.410932570225064,91.49519872765312,29.41321117534372,21.19535832291675,22.711759320247666,1.0019336037160165,79.9778274318182,994.1938117940728,1.0
1/13/2019,18.51919131250006,10.869922439772726,5.478229939814821,17.643056600000055,29.094935759476108,7.017580257340492,50.151963645833256,13.53823842045461,1.5782132263998572,86.69758599999979,1001.1127803787872,1.0
1/12/2019,19.88888188526575,10.86481173825761,5.449252876268144,22.36187698227428,34.99259085967115,6.060280183333303,41.070494233695634,13.71104286594209,1.898270420339245,90.6013474166662,1005.1763711742537,1.0
1/11/2019,17.723444263888947,10.868053971699137,7.585948177314777,32.849323641443874,52.87596791457586,11.64500875616119,49.53855537386762,21.088184170454213,2.0582000756422847,72.04910845833331,1004.7732034519136,1.0
1/10/2019,23.067413679951674,10.889579973932447,11.127293685185174,20.52996828433549,29.98811549542671,4.4312914318637535,61.18430970705688,15.740278155632515,2.9572114870059267,46.5094112916667,1000.4479499621153,1.0
1/9/2019,32.842617492753504,10.883424213636395,9.854764766203733,31.557126348535572,59.32928582356741,16.269196694571537,35.78188022179075,25.61524336863831,1.9380176142442178,66.15559008333321,1005.8359579545482,1.0
1/8/2019,20.349979749698022,10.884385458333336,5.3706094731481775,21.683781607732893,37.52859605570339,8.57214603536402,44.888974075181245,11.959994539296636,1.7457533790169544,78.11310800000041,1009.290861287878,1.0
1/7/2019,20.149312468599167,10.872761472513236,5.648369751952533,26.17268061442187,47.79778265436551,12.199123579916654,37.864163256793496,14.585852787878512,1.5423026714411818,80.8372092916664,1007.441803598482,1.0
1/6/2019,15.89086414868796,10.87844928547425,5.536860870370322,25.12476220310633,43.093591100828384,8.796574498919341,39.102639253170366,13.132811393939429,1.45265673246047,86.35053141666691,1000.0175520454492,1.0
1/5/2019,18.15710650315658,10.874465873106091,5.462945737500045,24.611288008332,53.6109382659877,14.394428947349722,35.643482659873,14.080850204545788,2.2327246945816817,86.50021216666639,1006.6522056818272,1.0
1/4/2019,16.59264113298741,10.870026038636244,5.784630465740754,25.644295923927,50.03509164690201,11.397375160091677,36.629316993885865,16.1346858836576,2.343533376021082,87.7255129166671,1005.4138501976312,1.0
1/3/2019,25.66029078819444,10.878411306060666,6.720671469907432,32.39198310399937,61.68963526987083,14.775927446530115,28.98738591236412,19.334392465908817,1.5266661303254845,87.606034333333,1001.8896745833456,1.0
1/2/2019,45.66687529166659,10.861492792424183,10.398274595329957,39.02414946924468,84.43299503129924,25.395024245861546,18.617161016077816,25.450751534091243,0.9603961075362264,75.77661904166709,1003.8249080681908,1.0
